hhcode,weight,food_total,nonfood_total,selfemp_income,total_income,treatment,loan_amount
110111,1,411,10108,0,10519,1,0
110112,1,376,5490,0,5866,0,0
110141,1,367,7484,0,7851,0,4000
110151,1,758,14967,0,15725,1,14000
110251,1,2289,77289,0,79578,0,68000
110341,1,510,14267,0,14777,0,0
110351,1,917,98090,175,99182,1,15000
110352,1,461,5626,0,6087,1,0
110411,1,856,11695,0,12551,1,4500
110441,1,282,5422,0,5704,1,8000
110459,1,673,27144,0,27817,1,0
110511,1,681,137910,0,138591,1,31000
110541,1,401,3946,0,4347,1,3000
110542,1,147,7092,0,7239,0,0
110611,1,656,75810,0,76466,1,94000
110612,1,731,77129,0,77860,1,89000
110711,1,620,8012,200,8832,1,18000
110811,1,983,25756,100,26839,1,11000
110919,1,0,0,0,0,0,0
111011,1,768,14461,0,15229,1,27000
111111,1,354.5,5116,0,5470.5,1,5000
111211,1,1336,103580,0,104916,1,74000
120111,1,410,7577,75,8062,1,31000
120141,1,389,8506,0,8895,0,0
120151,1,593,36467,1350,38410,1,62500
120152,1,458,14139,255,14852,1,0
120211,1,903,134681,0,135584,1,6000
120212,1,318,4466,0,4784,1,52000
120241,1,675,16972,0,17647,0,7000
120242,1,324,6694,0,7018,0,0
120251,1,582,24059,0,24641,1,104500
120351,1,228,11285,0,11513,0,0
120411,1,637,10730,0,11367,1,23000
120441,1,327,6272,0,6599,0,7000
120459,1,821,19223,175,20219,1,156500
120511,1,551,15833,0,16384,1,44000
120512,1,401.75,4604,0,5005.75,0,0
120541,1,645,8861,140,9646,0,0
120611,1,1241,23510,0,24751,1,0
120711,1,725,13813,0,14538,1,5000
120811,1,914,22713,0,23627,1,50000
120911,1,271.5,9704,0,9975.5,0,0
121011,1,338,39525,110,39973,1,70000
121111,1,537,18300,0,18837,1,83000
121211,1,606,9791,125,10522,1,25500
130141,1,437,6044,0,6481,1,98000
130151,1,409,14763,0,15172,1,39000
130211,1,425,8885,0,9310,1,12000
130241,1,683,57649,250,58582,1,77500
130251,1,755,42968,0,43723,0,10000
130311,1,488,6829,0,7317,1,3000
130351,1,398,20995,0,21393,0,5000
130352,1,542,29077,0,29619,0,5000
130353,1,523,43480,0,44003,0,12000
130354,1,521,100658,0,101179,0,35000
130355,1,499,10643,0,11142,0,4000
130411,1,251,34004,300,34555,1,2500
130441,1,539,14329,300,15168,0,1000
130459,1,510,14476,0,14986,1,10000
130541,1,286,8340,0,8626,1,135500
130542,1,161,3150,0,3311,0,0
130611,1,418,4528,0,4946,1,39700
130711,1,520,17156,0,17676,1,16000
130712,1,187,4770,0,4957,1,13000
130811,1,556,12607,0,13163,1,11000
130911,1,349,34119,0,34468,1,0
131011,1,391,4615,0,5006,1,3000
131111,1,332,4225,0,4557,1,16000
131211,1,338,12648,0,12986,1,21000
210131,1,322,3102,145,3569,0,0
210141,1,239.5,3017,0,3256.5,0,0
210151,1,1038,33426,0,34464,0,0
210231,1,488,4041,0,4529,1,10500
210241,1,132.5,12965,0,13097.5,0,0
210251,1,1342,79020,0,80362,1,4000
210331,1,397,8038,0,8435,0,0
210332,1,183,1253,0,1436,1,3000
210341,1,674,9711,0,10385,0,0
210351,1,438.5,14718,0,15156.5,0,0
210411,1,465,4547,0,5012,1,41000
210441,1,572,7175,80,7827,0,0
210459,1,224.5,6534,0,6758.5,0,0
210511,1,938,53610,0,54548,1,44000
210541,1,1174,28895,0,30069,0,0
210611,1,374,2602,0,2976,1,31000
210731,1,493,7041,50,7584,1,59000
210931,1,359.5,3937,60,4356.5,1,0
211031,1,569,9651,0,10220,1,36000
211131,1,376,4289,0,4665,1,53000
211231,1,396,20246,60,20702,1,10000
220111,1,246,8942,80,9268,1,0
220141,1,239,1269,0,1508,0,0
220151,1,831,29339,0,30170,0,10000
220211,1,316,4776,70,5162,1,8000
220241,1,258,2587,0,2845,0,0
220251,1,790,24548,0,25338,0,0
220311,1,239,2829,0,3068,1,0
220341,1,213.5,5143,0,5356.5,1,3000
220351,1,735,15414,0,16149,0,7500
220441,1,267,1523,0,1790,0,0
220459,1,544,6839,0,7383,0,2000
220511,1,240,2456,0,2696,1,0
220541,1,142,5252,0,5394,0,0
220611,1,369,8746,0,9115,1,4000
220911,1,146,3250,0,3396,1,0
221011,1,165,1971,0,2136,1,27000
221112,1,239,3620,0,3859,0,0
221211,1,86,721,0,807,1,0
230141,1,221,3779,0,4000,0,0
230151,1,351.5,5191,0,5542.5,0,0
230152,1,278.5,11992,0,12270.5,0,0
230211,1,238,1577,0,1815,0,0
230241,1,246,2213,0,2459,0,1000
230251,1,1169,80515,0,81684,0,300000
230311,1,394,2832,0,3226,1,0
230351,1,252,1533,0,1785,0,0
230352,1,92,2777,0,2869,0,0
230411,1,280.5,6917,0,7197.5,1,13000
230441,1,244,1220,0,1464,0,0
230459,1,366,13323,0,13689,0,2000
230511,1,422,6736,0,7158,1,30000
230541,1,71.5,901,0,972.5,0,0
230611,1,470,3906,0,4376,1,0
230612,1,248,2539,0,2787,0,0
230711,1,506,3654,0,4160,1,29000
230811,1,1189,16475,0,17664,1,43000
231011,1,231,1729,0,1960,1,0
231111,1,205,2211,0,2416,1,0
231211,1,393,8770,0,9163,0,3000
231212,1,219,5366,0,5585,0,0
240119,1,377.5,8726,75,9178.5,1,29000
240149,1,201.5,3584,50,3835.5,0,0
240159,1,352,34044,0,34396,1,4000
240219,1,310.5,14240,0,14550.5,1,16000
240249,1,423.5,6799,0,7222.5,1,2000
240259,1,966,19490,0,20456,0,0
240319,1,229,3942,80,4251,1,18500
240349,1,234,3949,0,4183,0,0
240359,1,730,14556,0,15286,1,15500
240419,1,196.5,5530,0,5726.5,1,34000
240449,1,443,10831,70,11344,0,0
240459,1,149,6130,0,6279,0,5000
240519,1,323.5,5777,80,6180.5,1,15000
240549,1,365.5,5504,70,5939.5,1,4500
240559,1,225,10370,0,10595,0,20000
240619,1,257,4296,0,4553,1,14000
240719,1,317.5,5007,60,5384.5,1,12000
240819,1,1484,53706,0,55190,1,41000
240919,1,293.5,8973,0,9266.5,1,34000
241019,1,379.5,16043,0,16422.5,1,11000
310111,1,946,15754,450,17150,1,23000
310141,1,853,19340,0,20193,0,0
310151,1,685,18110,0,18795,0,0
310211,1,630,7265,0,7895,1,17000
310241,1,903,27510,0,28413,0,0
310251,1,918,187048,0,187966,1,7000
310311,1,939,60980,0,61919,1,60000
310351,1,938,29610,0,30548,0,0
310441,1,760,96985,0,97745,0,0
310459,1,716,8750,0,9466,0,0
310511,1,1092,50670,0,51762,1,20300
310541,1,640,11050,0,11690,0,0
310611,1,711,80800,0,81511,1,0
310641,1,664,6810,0,7474,0,0
310811,1,631,21800,0,22431,1,30000
310911,1,621,5700,120,6441,1,0
311011,1,412,4950,0,5362,1,27000
311111,1,1621,15770,0,17391,1,10500
311211,1,1159,66670,0,67829,1,34000
311411,1,748,23530,0,24278,1,44000
320111,1,613,50570,0,51183,1,15000
320141,1,377.5,2030,0,2407.5,0,4000
320142,1,393,5960,0,6353,0,0
320151,1,721,113258,0,113979,0,190000
320152,1,952.5,99120,0,100072.5,0,180000
320153,1,682,5150,0,5832,0,20000
320154,1,1115,187690,0,188805,0,125000
320211,1,787,9790,0,10577,1,54000
320241,1,1033,27780,0,28813,1,96500
320251,1,1811,35960,0,37771,0,40000
320311,1,1072.5,67490,0,68562.5,1,2500
320341,1,1619,36724,566,38909,1,69000
320411,1,762,7010,0,7772,1,23000
320441,1,394.5,6190,60,6644.5,1,16000
320442,1,410,4910,0,5320,0,0
320443,1,350,4182,100,4632,1,23000
320459,1,1828,36430,400,38658,0,0
320511,1,475,9400,0,9875,1,32000
320541,1,1330.5,43255,0,44585.5,0,0
320611,1,586,8380,100,9066,1,21000
320641,1,1087,29980,0,31067,0,0
320711,1,912,9401,0,10313,1,75000
321011,1,398,9080,140,9618,1,40000
321111,1,974,19680,400,21054,1,69000
321211,1,1203,122000,0,123203,1,40000
321212,1,574,31450,0,32024,0,0
321311,1,725,12550,0,13275,1,70000
321411,1,725,10502,0,11227,1,0
321412,1,399,6155,0,6554,1,9000
330111,1,352,3810,0,4162,1,9000
330141,1,503,3668,100,4271,1,9000
330151,1,1037,43810,0,44847,0,0
330211,1,643,5183,0,5826,1,20000
330241,1,340,8128,60,8528,0,9000
330251,1,1063,32470,0,33533,0,35000
330341,1,308.5,4090,0,4398.5,0,0
330411,1,668,12270,0,12938,1,2000
330511,1,224,2440,0,2664,1,0
330541,1,347,8780,210,9337,1,52000
330611,1,656,6963,0,7619,1,0
330641,1,1552,22900,0,24452,0,0
330731,1,556,6684,310,7550,1,0
330811,1,389,3020,80,3489,1,0
330911,1,437,4678,90,5205,1,15000
331111,1,304,14280,60,14644,1,14000
331211,1,438,4640,0,5078,1,0
331311,1,564,9480,60,10104,1,14000
331411,1,372,7986,95,8453,1,13000
331412,1,348,3905,70,4323,0,0
410111,1,357,1800,120,2277,1,0
410141,1,695,6930,60,7685,0,0
410151,1,320,6020,460,6800,1,53000
410211,1,244,2980,0,3224,1,1000
410241,1,250,1780,0,2030,0,1000
410251,1,514,13150,0,13664,1,27000
410311,1,281,5352,0,5633,1,5000
410341,1,213,2075,0,2288,1,31000
410342,1,159,1775,0,1934,0,0
410343,1,147,2010,0,2157,0,4000
410344,1,109,1040,0,1149,0,0
410351,1,539,17700,0,18239,0,17000
410411,1,391,3510,0,3901,1,0
410441,1,103,1970,0,2073,0,0
410459,1,468,116620,0,117088,0,0
410511,1,1949,116950,0,118899,1,0
410541,1,300,2064,0,2364,0,0
410611,1,274,2230,0,2504,1,1000
410612,1,191,1520,0,1711,0,1500
410711,1,306,1205,0,1511,1,0
410712,1,188,1060,0,1248,0,0
410811,1,314,1380,0,1694,1,0
410911,1,380,44160,200,44740,1,8000
411011,1,196,4390,0,4586,1,18000
411111,1,390,7870,0,8260,1,22000
411211,1,545,10195,0,10740,1,8000
420111,1,455,11300,300,12055,1,14500
420141,1,308,2550,0,2858,0,0
420151,1,476,5610,0,6086,0,0
420211,1,345,2860,0,3205,1,0
420241,1,227,1565,40,1832,0,0
420251,1,274,9570,0,9844,1,11000
420311,1,379,7430,0,7809,1,0
420341,1,531,7240,0,7771,0,0
420351,1,263.5,2560,0,2823.5,1,0
420411,1,358,5550,20,5928,1,10000
420441,1,272,2235,0,2507,0,0
420459,1,316,4995,0,5311,0,6500
420521,1,366,4730,0,5096,1,5000
420522,1,248,5808,0,6056,0,0
420541,1,296,31790,80,32166,1,0
420611,1,484,5365,100,5949,0,0
420711,1,283,12430,0,12713,1,26000
420821,1,485,5846,0,6331,1,5000
420921,1,105,1865,0,1970,1,0
421021,1,293,2670,100,3063,1,0
421121,1,305,3745,0,4050,1,0
421211,1,142,930,0,1072,1,4000
421212,1,165,4296,60,4521,0,1000
421213,1,127,2308,50,2485,0,2000
430111,1,297,3360,0,3657,1,25000
430141,1,230,19600,0,19830,0,3000
430151,1,274,2940,70,3284,1,7500
430211,1,203.5,78600,0,78803.5,1,59000
430241,1,234.5,4210,0,4444.5,0,0
430251,1,329,5000,0,5329,0,0
430252,1,221,2950,0,3171,0,0
430311,1,337,3935,0,4272,1,11000
430341,1,427,10330,0,10757,1,40000
430411,1,594,11790,0,12384,1,1000
430441,1,538.5,13855,0,14393.5,0,2000
430442,1,223,1695,0,1918,0,0
430459,1,383,51430,500,52313,1,9500
430511,1,520,15305,0,15825,1,25000
430541,1,282,22235,60,22577,1,10500
430611,1,270,2625,0,2895,1,16500
430711,1,255,10470,0,10725,1,45000
430811,1,295,2232,0,2527,1,3000
430812,1,292,3920,0,4212,1,35000
430813,1,125,1520,0,1645,0,0
430911,1,397,30150,0,30547,1,6000
431011,1,356,18150,0,18506,1,135000
431111,1,263,5700,0,5963,1,15000
431211,1,178,2845,0,3023,1,7500
440119,1,436,5995,0,6431,1,29000
440149,1,321,2897,0,3218,0,0
440159,1,307,4560,0,4867,0,0
440219,1,475,64304,0,64779,1,25000
440249,1,282,2220,0,2502,0,0
440259,1,519,7973,0,8492,0,0
440319,1,777,105430,0,106207,1,32000
440349,1,313,3705,0,4018,0,0
440359,1,344,1555,0,1899,0,0
440419,1,410,4410,0,4820,1,29000
440449,1,212,1757,0,1969,0,0
440459,1,443,6220,0,6663,0,0
440519,1,413.5,8620,0,9033.5,1,28000
440549,1,240,3400,100,3740,0,0
440559,1,362,3587,0,3949,0,0
440619,1,397,5940,0,6337,1,26000
440719,1,403,8967,200,9570,1,24000
440819,1,482,6438,0,6920,1,22000
440919,1,264,2855,0,3119,1,21000
441019,1,459,6180,0,6639,1,34000
510111,1,825,32165,0,32990,1,40000
510141,1,247,2080,0,2327,0,0
510151,1,1188,31830,0,33018,0,0
510152,1,682,6152,0,6834,0,0
510211,1,643,11685,0,12328,1,51000
510241,1,522,5862,0,6384,0,0
510251,1,1638,34145,0,35783,0,0
510311,1,413,8160,0,8573,1,30000
510341,1,757,11150,0,11907,0,0
510351,1,657,4070,0,4727,0,0
510411,1,813,5875,0,6688,1,96000
510441,1,589.75,4790,0,5379.75,0,8000
510442,1,408,5870,0,6278,0,0
510459,1,808,11225,100,12133,1,33000
510511,1,569,12600,0,13169,1,12000
510541,1,322,9955,0,10277,1,44000
510611,1,562,4260,0,4822,1,0
510711,1,552,3268,0,3820,1,25000
510712,1,471,5505,100,6076,0,5000
510811,1,958,24030,0,24988,1,6000
510911,1,590,4780,125,5495,1,7500
511011,1,873,6920,195,7988,1,75000
511111,1,399,4240,0,4639,1,59000
511211,1,453,3720,180,4353,1,84000
520111,1,569.5,12100,0,12669.5,1,64000
520141,1,628,11840,0,12468,1,20000
520151,1,1719,63020,0,64739,0,0
520211,1,804,13615,0,14419,1,2000
520241,1,436,6210,120,6766,1,22000
520251,1,395,4900,0,5295,1,22000
520311,1,695,4807,0,5502,1,9000
520341,1,933.5,25328,230,26491.5,0,0
520351,1,1637,30175,400,32212,0,0
520411,1,917,14490,0,15407,1,19000
520441,1,880,31370,0,32250,1,25000
520459,1,1141,57230,0,58371,0,0
520541,1,543,13400,0,13943,1,12000
520611,1,426,10200,0,10626,1,0
520711,1,1938,234100,0,236038,1,0
520811,1,1171,68230,0,69401,1,0
520911,1,728.5,24243,0,24971.5,1,57000
521011,1,986,12865,0,13851,1,9000
521111,1,517.699996948242,11275,0,11792.699996948242,1,10000
521211,1,926,18960,0,19886,1,0
530111,1,500,3150,0,3650,1,0
530141,1,1090,26010,0,27100,1,10000
530151,1,654,17210,0,17864,0,0
530152,1,600,5570,0,6170,0,0
530153,1,627,8090,0,8717,0,0
530211,1,637,6820,0,7457,1,0
530241,1,555,9790,0,10345,0,0
530251,1,1487,22620,0,24107,1,0
530341,1,512,7720,120,8352,1,84000
530351,1,644.5,113560,0,114204.5,0,0
530411,1,339,5730,0,6069,1,0
530441,1,580,7666,0,8246,1,73000
530459,1,417,6502,0,6919,1,20000
530511,1,483,3930,120,4533,1,30000
530541,1,542,5960,125,6627,1,10000
530611,1,425,4115,0,4540,1,38000
530711,1,520,32010,0,32530,1,24000
530811,1,490.5,4510,0,5000.5,1,0
530911,1,597,6960,0,7557,1,121600
531011,1,1017,20105,0,21122,1,11000
531012,1,709,39760,0,40469,1,35000
531013,1,672,6590,0,7262,1,34000
531014,1,723,6340,0,7063,1,50000
531111,1,346,4740,0,5086,1,0
531211,1,1048,104386,0,105434,1,0
610111,1,139,1850,0,1989,1,0
610141,1,212,1750,0,1962,1,0
610142,1,224,12200,0,12424,0,0
610151,1,241,1850,0,2091,0,0
610241,1,171,1050,0,1221,0,0
610242,1,249,2060,0,2309,0,0
610243,1,201,2220,0,2421,0,0
610251,1,470,2800,0,3270,0,0
610311,1,334,3170,0,3504,1,0
610341,1,577,8800,0,9377,0,0
610351,1,317,2610,0,2927,0,0
610441,1,380,7890,0,8270,0,0
610459,1,451,4550,0,5001,0,0
610511,1,985,12350,0,13335,1,0
610611,1,317,12805,0,13122,1,5000
610811,1,923,9300,0,10223,1,0
610911,1,530,11050,0,11580,1,0
611011,1,343,2760,0,3103,1,2500
611012,1,249,2330,0,2579,0,0
611111,1,600,17900,0,18500,1,0
611211,1,670,7620,0,8290,1,0
611212,1,237,1880,0,2117,0,0
611213,1,256,2500,0,2756,0,0
620111,1,472,2140,300,2912,1,4000
620141,1,362,3165,0,3527,0,0
620151,1,340,4450,0,4790,0,0
620152,1,287,1450,0,1737,0,0
620211,1,527,2850,100,3477,1,3000
620241,1,441,4860,0,5301,1,0
620251,1,802,210100,0,210902,1,118000
620252,1,435,7300,100,7835,1,42500
620253,1,351,3190,0,3541,1,3000
620254,1,309,2830,0,3139,0,0
620311,1,333,1600,100,2033,1,0
620341,1,318,1905,0,2223,0,0
620351,1,573,4600,0,5173,0,0
620411,1,521,3800,0,4321,1,37000
620441,1,530,5740,0,6270,1,3000
620459,1,1201,13100,0,14301,0,25000
620511,1,427,1950,0,2377,0,0
620512,1,302,2000,0,2302,0,0
620541,1,458,5100,80,5638,0,0
620611,1,615,5700,0,6315,1,30000
620711,1,454,8000,0,8454,1,28000
620811,1,791,7900,0,8691,1,26000
620911,1,494,7000,0,7494,1,14000
621011,1,362,5660,0,6022,1,37500
621111,1,435,8780,0,9215,1,58000
621211,1,704,8900,0,9604,1,0
630111,1,625,5690,580,6895,1,10000
630141,1,348,4610,0,4958,1,3000
630151,1,659,5950,0,6609,0,0
630211,1,328,3230,0,3558,1,0
630241,1,670,18800,0,19470,0,0
630242,1,864,7500,0,8364,0,0
630251,1,797,12050,0,12847,0,0
630252,1,477,7700,500,8677,0,0
630311,1,594,5365,200,6159,1,32000
630341,1,730,6510,0,7240,1,7500
630342,1,436,3000,0,3436,0,0
630351,1,360,4780,0,5140,0,200000
630352,1,744,6670,0,7414,0,0
630411,1,1164,6170,0,7334,1,34000
630441,1,489,3130,0,3619,0,0
630459,1,702,15900,0,16602,0,0
630511,1,564,3890,300,4754,1,0
630512,1,314,3080,0,3394,0,0
630513,1,426,2090,0,2516,0,0
630541,1,641,18180,0,18821,0,0
630611,1,105,570,30,705,1,0
630711,1,460,26750,0,27210,1,21000
630811,1,640,68850,0,69490,1,22000
630911,1,438,1850,0,2288,1,18000
631011,1,455,3100,0,3555,1,24000
631111,1,245,3300,0,3545,1,4000
631211,1,418,3135,0,3553,1,16000
710111,1,482,13983,0,14465,1,10000
710141,1,216,4142,35,4393,0,4000
710151,1,542,70905,250,71697,0,66000
710211,1,517,6130,0,6647,1,21000
710241,1,636,3885,0,4521,1,5000
710251,1,1063,22865,0,23928,0,0
710311,1,838,13150,180,14168,1,36000
710351,1,1041,33655,0,34696,0,0
710411,1,506,5380,0,5886,1,3000
710459,1,699,17305,0,18004,0,0
710541,1,596,13928,0,14524,0,0
710542,1,321,4117,0,4438,0,0
710611,1,383,4615,0,4998,1,14000
710711,1,429,4600,80,5109,1,35000
710811,1,402,24035,80,24517,1,35000
710911,1,968,17336,0,18304,1,7000
710912,1,302,3350,0,3652,0,0
711011,1,192,2350,0,2542,1,5000
711111,1,566,8550,0,9116,1,30000
711211,1,331,5545,70,5946,1,18000
711311,1,360,18566,0,18926,1,20000
711411,1,419,3200,0,3619,1,2000
711412,1,186,1738,4,1928,1,1500
720111,1,746,57200,0,57946,1,35000
720141,1,1510,103680,0,105190,0,0
720151,1,1012,12930,150,14092,0,0
720212,1,322,7515,0,7837,0,0
720241,1,351,3611,90,4052,1,2000
720251,1,1007,34720,0,35727,0,0
720311,1,586,15740,0,16326,1,4000
720312,1,559,108150,0,108709,1,8000
720313,1,437,6503,0,6940,0,0
720351,1,1164,20000,0,21164,1,0
720411,1,744,25890,0,26634,1,40000
720412,1,276,4070,0,4346,0,0
720441,1,834,46590,0,47424,0,0
720459,1,1542,41690,0,43232,1,21000
720511,1,440,7988,0,8428,1,31000
720611,1,729,36650,0,37379,1,27000
720641,1,742,8510,135,9387,1,10000
720711,1,720,35960,0,36680,1,27000
720811,1,342,4215,0,4557,1,18000
720812,1,244,1896,0,2140,0,0
720911,1,792,29289,0,30081,1,7000
721011,1,452,7795,0,8247,1,21000
721111,1,560,19710,70,20340,1,24000
721211,1,445,7214,0,7659,1,19000
721311,1,385,5494,0,5879,1,17000
721411,1,522,11100,70,11692,1,18500
730111,1,609,24060,0,24669,1,23000
730141,1,398,5710,0,6108,1,8000
730151,1,957,24730,0,25687,0,0
730211,1,385,5974,80,6439,1,0
730241,1,769,11384,0,12153,0,0
730251,1,1050,26630,0,27680,0,9000
730311,1,422,3923,0,4345,1,8500
730341,1,348,5873,0,6221,0,0
730351,1,1029,43494,0,44523,0,0
730411,1,466,6670,0,7136,1,0
730441,1,379,14863,0,15242,1,2000
730459,1,936,15770,0,16706,0,3000
730511,1,394,12380,55,12829,1,22000
730541,1,521,5125,70,5716,1,2000
730611,1,522,5475,0,5997,1,0
730612,1,252,2405,0,2657,0,0
730641,1,507,8055,0,8562,0,0
730642,1,285,3823,65,4173,1,2000
730643,1,462,10780,0,11242,1,5000
730711,1,285,12720,0,13005,1,5250
730712,1,248,4240,0,4488,1,5000
730811,1,419,10303,30,10752,1,5500
730911,1,261,3262,60,3583,1,0
731011,1,557,7582,80,8219,1,6000
731111,1,534,7850,0,8384,1,5000
731211,1,589,9740,0,10329,1,8500
731311,1,303.5,5350,65,5718.5,1,5000
731411,1,596,8885,0,9481,0,0
731412,1,637,20015,0,20652,0,2000
731413,1,222,3195,0,3417,1,29000
731414,1,431,4915,0,5346,0,0
731415,1,324,4625,0,4949,0,1000
740119,1,963,20760,0,21723,1,30000
740149,1,328,8200,0,8528,0,0
740159,1,982,39460,0,40442,0,0
740219,1,249,3815,60,4124,1,14000
740249,1,481,6210,0,6691,0,2000
740259,1,409,9428,0,9837,0,25000
740319,1,544,10475,0,11019,1,14000
740349,1,956,15675,0,16631,0,2000
740359,1,1136,23825,0,24961,0,0
740419,1,394,5607,0,6001,1,14000
740449,1,514,8880,0,9394,0,0
740459,1,751,14000,0,14751,0,0
740519,1,882,13560,60,14502,1,14000
740549,1,299,5230,0,5529,1,10000
740559,1,831,32810,0,33641,1,10000
740619,1,378,6025,70,6473,1,15000
740719,1,465,4680,65,5210,1,18000
740819,1,498,31850,0,32348,1,29000
740919,1,262,3288,0,3550,1,3000
741019,1,503,7400,0,7903,1,18000
810111,1,237.5,4560,0,4797.5,1,19200
810141,1,179,2205,0,2384,0,0
810151,1,309,2730,0,3039,1,0
810211,1,724,69010,40,69774,1,17500
810241,1,269,1560,0,1829,0,1000
810251,1,437,8920,0,9357,0,0
810311,1,1203,59710,0,60913,1,3000
810341,1,252,20880,0,21132,1,0
810351,1,571,9560,0,10131,0,10000
810411,1,508.5,2970,0,3478.5,1,0
810441,1,497,5125,0,5622,0,0
810459,1,451,13915,0,14366,0,9000
810541,1,334,2800,200,3334,0,0
810711,1,574,3585,0,4159,1,1000
810811,1,509,4245,360,5114,1,15000
811011,1,479,12215,0,12694,1,0
811111,1,457,3800,0,4257,1,4000
811211,1,444,13520,150,14114,1,4500
811212,1,77,5700,70,5847,0,0
811213,1,223,3590,70,3883,0,0
820111,1,437,5590,0,6027,1,0
820141,1,354,3845,0,4199,1,0
820151,1,486,6420,50,6956,0,15000
820211,1,163,1125,0,1288,1,0
820241,1,346,6550,0,6896,1,0
820251,1,407,15750,0,16157,1,5000
820311,1,317,4210,70,4597,1,0
820341,1,271,3070,0,3341,0,0
820351,1,337,10410,0,10747,1,0
820411,1,263,9817,0,10080,1,25000
820412,1,390,5370,150,5910,1,1000
820413,1,454,75775,0,76229,1,3000
820441,1,241,3420,0,3661,1,17000
820459,1,593,23760,0,24353,0,0
820511,1,290,4175,0,4465,1,2000
820541,1,336,8915,0,9251,0,4000
820611,1,150,1725,0,1875,1,0
820612,1,286,9030,0,9316,1,8000
820613,1,174,2190,0,2364,1,28000
820711,1,687,6580,0,7267,1,2000
820712,1,329,28455,0,28784,1,46000
820811,1,87,1570,300,1957,1,0
820911,1,351,3405,0,3756,1,5000
821011,1,442,11080,0,11522,1,33000
821012,1,265,10330,0,10595,1,0
821111,1,300,8675,0,8975,1,13500
830111,1,296,3982,0,4278,1,5000
830141,1,277,3982,0,4259,1,25000
830151,1,645,141360,0,142005,0,20000
830211,1,231,4025,0,4256,1,13000
830251,1,126,2820,0,2946,0,0
830311,1,145,1898,70,2113,1,0
830341,1,256,3110,0,3366,1,41000
830351,1,457,11985,0,12442,1,3000
830411,1,348,5545,0,5893,1,9000
830441,1,344,5040,0,5384,0,0
830459,1,552,14145,0,14697,0,29000
830541,1,351,4610,0,4961,1,16500
830611,1,336,4575,50,4961,1,7000
830711,1,459,15610,0,16069,1,7000
830811,1,314,3935,0,4249,1,0
830911,1,396,9120,0,9516,1,12000
831011,1,689,19460,0,20149,1,8000
831012,1,335,5395,120,5850,1,0
831111,1,233,4530,0,4763,1,24500
831211,1,447,8380,0,8827,1,7500
910121,1,921,16742,0,17663,1,18000
910141,1,509,4390,0,4899,1,13000
910151,1,250,2917,0,3167,0,0
910221,1,308,22890,0,23198,1,5000
910222,1,506,18509,0,19015,1,20000
910241,1,290,3065,0,3355,1,6000
910251,1,624,22885,0,23509,0,0
910321,1,451,5200,0,5651,1,0
910322,1,267.5,2458,50,2775.5,1,7000
910341,1,498,12885,0,13383,0,0
910351,1,1231,86505,0,87736,1,9000
910352,1,340,4060,0,4400,0,0
910421,1,387,4048,0,4435,1,7000
910441,1,534,9085,0,9619,0,0
910459,1,614,16780,0,17394,0,0
910521,1,581,3420,0,4001,1,13000
910541,1,363,6261,28,6652,0,0
910622,1,253,1980,50,2283,1,8000
910721,1,75,1020,0,1095,1,1000
910722,1,230,2335,0,2565,1,0
910821,1,114,1473,0,1587,1,8000
910822,1,222,3532,0,3754,1,3000
910921,1,581,8273,0,8854,1,0
911021,1,327,15370,0,15697,1,6000
911121,1,193,2625,0,2818,1,0
911221,1,1308,192555,25,193888,1,0
920121,1,348,3461,0,3809,1,11000
920141,1,512,8585,100,9197,1,13000
920221,1,335,5158,0,5493,1,5500
920241,1,679,5489,0,6168,1,9000
920251,1,341,4962,0,5303,0,0
920252,1,245,3515,0,3760,1,6000
920321,1,403,3808,0,4211,1,0
920341,1,398,5776,0,6174,1,2500
920351,1,558,33558,0,34116,0,0
920352,1,824,32310,0,33134,0,0
920353,1,458,18511,0,18969,0,0
920421,1,709,166114,0,166823,1,0
920441,1,232,2079,0,2311,1,19500
920459,1,407,6568,0,6975,1,6000
920521,1,186,2354,0,2540,1,0
920541,1,134,2822,0,2956,0,0
920621,1,399,3582,0,3981,1,0
920721,1,557,25848,0,26405,1,0
920821,1,499,12920,0,13419,1,0
920921,1,1064,22112,0,23176,1,15000
921021,1,664,8777,0,9441,1,0
921121,1,415,5769,0,6184,1,7000
921221,1,457,3944,0,4401,1,3000
930121,1,364,3873,0,4237,1,11000
930141,1,500,26695,0,27195,0,0
930151,1,357,20644,0,21001,0,0
930221,1,632,14240,0,14872,1,11000
930241,1,235,2978,0,3213,0,0
930251,1,735,11300,0,12035,0,0
930321,1,397,4485,0,4882,1,11000
930341,1,318,2210,0,2528,0,0
930342,1,233,1533,0,1766,0,0
930351,1,347,6250,0,6597,1,2000
930352,1,286,2456,0,2742,1,22000
930421,1,305,3525,0,3830,1,0
930441,1,274,2351,0,2625,1,2000
930459,1,493,3323,0,3816,0,0
930541,1,105,665,0,770,0,0
930621,1,390,4922,0,5312,1,0
930721,1,324,4211,0,4535,1,0
930821,1,396,2986,0,3382,1,27500
930921,1,453,5856,0,6309,1,40000
931021,1,653,8070,0,8723,1,0
931022,1,222,4007,0,4229,0,0
931121,1,406,4815,0,5221,1,0
931221,1,422,3065,0,3487,1,12000
931222,1,277,1613,0,1890,0,0
1010121,1,448,8870,0,9318,1,33000
1010141,1,359.5,3526,0,3885.5,0,1000
1010151,1,489,4690,0,5179,1,20000
1010152,1,293,2660,0,2953,1,12000
1010153,1,423,3020,180,3623,0,1000
1010221,1,372,3329,0,3701,1,22000
1010249,1,0,0,0,0,0,0
1010251,1,514,7000,0,7514,0,3000
1010321,1,516,9274,80,9870,1,23000
1010341,1,212,1115,0,1327,1,13000
1010351,1,339,4372,0,4711,0,3000
1010421,1,503,20180,0,20683,1,5000
1010422,1,258,2104,0,2362,1,20000
1010441,1,434,3588,0,4022,0,0
1010459,1,213,2410,0,2623,0,0
1010542,1,314,2534,90,2938,1,5000
1010621,1,354,3654,0,4008,1,25000
1010821,1,334,3455,0,3789,1,0
1010921,1,467,5040,0,5507,1,18000
1011021,1,448,6605,100,7153,1,7000
1011121,1,525,5230,30,5785,1,7000
1011221,1,524,5815,0,6339,1,0
1020121,1,770,7080,200,8050,1,5000
1020122,1,427,6980,0,7407,1,7000
1020123,1,430,3580,95,4105,1,7000
1020141,1,320,2310,90,2720,0,0
1020151,1,434,4444,100,4978,0,0
1020221,1,536,5210,150,5896,1,12000
1020241,1,557,3664,90,4311,1,9000
1020251,1,506,4724,0,5230,0,4000
1020321,1,441,16030,0,16471,1,9000
1020341,1,629,9805,0,10434,1,0
1020351,1,887,23207,100,24194,0,0
1020421,1,707,8390,90,9187,1,7000
1020422,1,293,3919,0,4212,0,0
1020441,1,343,3255,120,3718,1,2000
1020459,1,691,5985,90,6766,0,4000
1020521,1,585,9794,0,10379,1,5000
1020541,1,526,4730,0,5256,1,7000
1020621,1,524,6155,0,6679,1,5000
1020622,1,225,2230,0,2455,1,3000
1020721,1,403,3879,0,4282,1,7000
1020821,1,429.75,3530,0,3959.75,1,29500
1020921,1,543,18504,70,19117,1,4000
1021021,1,526,4660,170,5356,1,7000
1021121,1,449,3714,0,4163,1,10000
1021221,1,478,4385,0,4863,1,9000
1030121,1,600,10775,0,11375,1,6500
1030141,1,384,3625,190,4199,1,7000
1030151,1,323,8150,0,8473,0,0
1030221,1,437,3970,0,4407,1,0
1030222,1,391,3045,120,3556,0,0
1030241,1,216,2560,100,2876,1,15000
1030251,1,166,1705,0,1871,0,0
1030321,1,481,4880,170,5531,1,19000
1030341,1,466,7090,0,7556,1,5000
1030342,1,282,3490,0,3772,0,0
1030351,1,430,8835,100,9365,0,0
1030352,1,373,4030,200,4603,0,0
1030421,1,644,12770,0,13414,1,0
1030441,1,376,3300,180,3856,1,13000
1030459,1,369,5283,0,5652,0,3000
1030521,1,466,5250,180,5896,1,5000
1030541,1,243,2275,100,2618,1,10000
1030621,1,480,4330,0,4810,1,0
1030721,1,342,4090,0,4432,1,0
1030821,1,268,2200,0,2468,1,6000
1030921,1,222,2050,0,2272,1,0
1031021,1,220,3950,0,4170,1,0
1031121,1,535.5,5746,95,6376.5,1,5000
1031221,1,677,14493,90,15260,1,30000
1110121,1,286,5362,0,5648,1,12000
1110141,1,501,8902,0,9403,1,65000
1110151,1,1132,13925,0,15057,0,60000
1110152,1,630,4757,0,5387,0,0
1110221,1,643,5780,0,6423,1,5000
1110241,1,144,3708,0,3852,0,1000
1110251,1,990,47200,0,48190,1,12000
1110321,1,847,14631,0,15478,1,5000
1110341,1,434,3985,0,4419,0,1000
1110351,1,446.5,12805,0,13251.5,0,30000
1110421,1,1197,11850,280,13327,1,20000
1110441,1,473,27040,0,27513,1,0
1110459,1,411,10853,0,11264,0,0
1110521,1,478,3680,0,4158,1,5000
1110541,1,338,9387,0,9725,1,12000
1110621,1,714,10530,60,11304,1,7000
1110721,1,403,17448,0,17851,1,0
1110821,1,447,5013,70,5530,1,18000
1110921,1,386,17330,0,17716,1,21000
1111021,1,233,2595,70,2898,1,0
1111022,1,374,8735,60,9169,1,15000
1111121,1,449,3253,40,3742,1,3000
1111221,1,491,4967,140,5598,1,11000
1111222,1,315,5245,0,5560,1,19000
1120121,1,387.5,2940,0,3327.5,1,4000
1120141,1,490,8670,70,9230,1,16000
1120142,1,332,2660,70,3062,1,4000
1120151,1,636,8075,0,8711,0,3000
1120221,1,687,6983,0,7670,1,25000
1120241,1,477,9120,0,9597,0,1500
1120251,1,676,12685,0,13361,1,18000
1120321,1,565,10605,0,11170,1,8000
1120341,1,444.5,84140,0,84584.5,0,35000
1120351,1,556,23050,0,23606,0,34500
1120421,1,432.5,14491,70,14993.5,1,8000
1120441,1,427,5213,0,5640,1,13000
1120459,1,701,36575,0,37276,0,11000
1120521,1,879,18908,0,19787,1,20000
1120522,1,238.5,2100,0,2338.5,0,0
1120549,1,0,0,0,0,0,0
1120621,1,584,5700,0,6284,1,29000
1120622,1,169,1605,0,1774,0,0
1120721,1,265,2708,0,2973,0,0
1120821,1,440,8288,0,8728,1,22500
1120921,1,450,16102,0,16552,1,26600
1121021,1,251,2961,0,3212,1,12000
1121121,1,446,4850,0,5296,1,0
1121122,1,277,2638,0,2915,0,0
1121221,1,811,10566,0,11377,1,6000
1130121,1,1101,42865,0,43966,1,56000
1130141,1,381,5122,0,5503,0,3000
1130151,1,772,42163,0,42935,0,10000
1130152,1,271,3265,0,3536,0,18500
1130153,1,280.5,1646,0,1926.5,0,10000
1130221,1,389,5291,0,5680,1,0
1130251,1,468,9441,12,9921,1,8000
1130252,1,401,4900,0,5301,0,9000
1130321,1,470,3120,0,3590,1,25000
1130341,1,460,7689,0,8149,1,20400
1130351,1,409,20050,0,20459,0,19000
1130421,1,575,8071,0,8646,1,14000
1130422,1,331,2161,70,2562,0,0
1130441,1,206,2810,0,3016,0,0
1130459,1,631,15206,489,16326,1,4000
1130521,1,298,2756,0,3054,1,2000
1130541,1,273,1444,0,1717,1,4000
1130621,1,475,5532,0,6007,1,14000
1130721,1,511,6328,0,6839,1,15000
1130821,1,641,8202,0,8843,1,13000
1130921,1,508,8996,0,9504,1,24500
1131021,1,515,3306,140,3961,1,2000
1131121,1,613,5402,0,6015,1,6500
1131229,1,0,0,0,0,0,0
1210121,1,451,5035,0,5486,1,27500
1210141,1,853,4687,65,5605,1,17000
1210142,1,109,3960,70,4139,0,2000
1210151,1,317,3306,135,3758,0,10000
1210241,1,399.25,5727,70,6196.25,0,0
1210242,1,131,2963,80,3174,0,0
1210243,1,357,3945,70,4372,0,0
1210251,1,890,13242,0,14132,0,8000
1210252,1,522,9457,0,9979,0,9000
1210253,1,485,6660,0,7145,0,0
1210321,1,315,2485,60,2860,1,11000
1210341,1,1046,27730,100,28876,0,22300
1210342,1,504,2980,0,3484,1,3500
1210351,1,586,3545,0,4131,1,48000
1210421,1,302,9328,65,9695,1,10000
1210441,1,338,3325,0,3663,0,9600
1210459,1,460,2160,0,2620,0,3000
1210521,1,701,9980,0,10681,0,147500
1210522,1,451,4964,0,5415,1,25500
1210541,1,416,5670,0,6086,1,8500
1210621,1,599,5906,60,6565,1,26500
1210721,1,633,5794,100,6527,1,8000
1210821,1,821,9712,0,10533,1,81000
1210921,1,658,8707,100,9465,1,36000
1211021,1,329,3271,80,3680,1,19500
1211121,1,366,10309,98,10773,1,6500
1211122,1,453,3495,70,4018,1,6000
1220141,1,167,2555,0,2722,0,0
1220151,1,680,4580,100,5360,0,6500
1220152,1,444,2543,120,3107,0,0
1220221,1,273,2367,0,2640,1,0
1220251,1,127,1965,0,2092,0,5200
1220252,1,388,6405,0,6793,0,3000
1220321,1,319,8672,0,8991,1,3000
1220341,1,738,18020,0,18758,0,36000
1220342,1,263,2855,0,3118,0,3000
1220351,1,182,3270,0,3452,0,4500
1220421,1,307,2420,55,2782,1,0
1220441,1,440,3100,0,3540,0,5500
1220459,1,287,5145,0,5432,1,14000
1220521,1,290,33960,0,34250,1,7000
1220541,1,571,5750,0,6321,1,5000
1220621,1,629,5385,0,6014,0,5500
1220721,1,168,820,0,988,0,1000
1220722,1,194,3715,40,3949,0,0
1220821,1,596,5240,60,5896,1,6500
1220921,1,275,7200,0,7475,1,18000
1221021,1,589,12595,0,13184,0,65000
1221221,1,219,3320,50,3589,1,1500
1230121,1,216,2000,0,2216,1,5000
1230122,1,258,3495,60,3813,1,9000
1230141,1,238,2985,0,3223,0,0
1230151,1,676,7880,0,8556,0,0
1230221,1,314,5395,0,5709,1,31500
1230241,1,1575,21090,500,23165,0,38000
1230251,1,575,7550,0,8125,1,30500
1230321,1,419,4635,0,5054,1,3000
1230322,1,128,2110,0,2238,0,0
1230341,1,331,5685,60,6076,1,10000
1230351,1,321,7895,0,8216,1,7000
1230352,1,261,5580,0,5841,1,9000
1230421,1,201,1860,0,2061,1,3500
1230441,1,167,2655,0,2822,0,2000
1230459,1,743,30520,0,31263,0,0
1230521,1,512.5,11260,267,12039.5,1,47500
1230621,1,585,4705,70,5360,1,2000
1230721,1,189,3580,0,3769,1,22000
1231021,1,434,3945,0,4379,1,2000
1231121,1,415.5,4800,0,5215.5,1,5000
1231222,1,257,3700,90,4047,1,10000
1310141,1,337,2737,100,3174,1,12500
1310151,1,1279,23592,0,24871,0,5000
1310221,1,258,5390,100,5748,1,7000
1310241,1,443,7310,80,7833,0,0
1310251,1,934,23614,0,24548,0,15000
1310321,1,243,3867,0,4110,1,2000
1310341,1,305,12055,40,12400,0,0
1310351,1,434,13555,0,13989,0,2000
1310352,1,253,3880,0,4133,0,0
1310353,1,230,2596,150,2976,0,0
1310421,1,392,2882,0,3274,1,3000
1310459,1,1114,21295,0,22409,0,60000
1310521,1,326,2489,0,2815,1,3400
1310541,1,807,15719,0,16526,0,17000
1310821,1,423,10745,0,11168,1,8000
1310921,1,449,12320,0,12769,1,10000
1311021,1,437,2814,100,3351,1,10500
1311121,1,982.5,13077,25,14084.5,1,0
1311221,1,290,12755,400,13445,1,23500
1320121,1,163,481,0,644,1,0
1320141,1,348,2819,90,3257,0,0
1320142,1,202,2541,110,2853,0,0
1320151,1,163,2680,0,2843,0,0
1320221,1,358,3880,0,4238,1,14000
1320241,1,457,74441,0,74898,0,47000
1320321,1,323.5,11175,90,11588.5,1,20000
1320341,1,582,15530,0,16112,0,2000
1320351,1,410,22023,0,22433,0,0
1320421,1,393.5,4855,0,5248.5,1,20000
1320441,1,176,1382,0,1558,1,1000
1320459,1,834,30335,0,31169,0,14500
1320521,1,434,10084,0,10518,1,26000
1320541,1,363,3445,260,4068,1,11000
1320621,1,437,15440,0,15877,1,32000
1320721,1,559,15749,30,16338,1,34500
1320921,1,455,3886,0,4341,1,16000
1321021,1,714,8336,100,9150,1,23500
1321121,1,505,11694,0,12199,1,0
1330121,1,386,8955,140,9481,1,19000
1330141,1,83,360,50,493,0,0
1330151,1,668,42252,0,42920,0,0
1330229,1,0,0,0,0,0,0
1330251,1,265,7020,65,7350,1,16000
1330252,1,106,2451,100,2657,0,0
1330321,1,264,52936,0,53200,1,48000
1330341,1,374,2355,0,2729,1,0
1330351,1,261,11500,81,11842,1,34000
1330421,1,106,1645,0,1751,1,19000
1330422,1,184,6992,0,7176,1,8000
1330441,1,378,4410,5,4793,1,2000
1330459,1,222,739,0,961,0,2000
1330541,1,558,5225,0,5783,1,31000
1330621,1,842,7635,0,8477,1,5000
1330622,1,673,56978,0,57651,0,0
1330721,1,411,5326,0,5737,1,80000
1330921,1,274,4205,0,4479,1,0
1331021,1,541,5772,0,6313,1,22000
1331121,1,63,366,30,459,1,10000
1331221,1,408,2616,0,3024,1,12000
1410121,1,300,2340,145,2785,1,6000
1410122,1,176,875,80,1131,0,0
1410141,1,324,3550,65,3939,0,0
1410151,1,895,8905,0,9800,0,0
1410152,1,290,3180,0,3470,1,13000
1410251,1,475,3725,0,4200,0,0
1410321,1,310,3455,0,3765,1,0
1410341,1,464,8070,0,8534,0,0
1410351,1,324,7575,0,7899,0,0
1410421,1,462,4310,0,4772,1,3000
1410441,1,289,4365,0,4654,0,0
1410459,1,950,11975,0,12925,1,25000
1410541,1,395,4475,0,4870,0,0
1410721,1,561,2710,100,3371,1,25000
1410741,1,585,15370,0,15955,1,7500
1410829,1,0,0,0,0,0,0
1410921,1,172,2410,0,2582,1,20000
1411021,1,421,10520,0,10941,1,10000
1411221,1,419,3870,0,4289,1,3000
1411421,1,867,102550,0,103417,1,0
1411621,1,320,3020,0,3340,1,2000
1411721,1,451,57700,0,58151,1,13000
1411821,1,26,1040,0,1066,1,0
1420121,1,337,1480,0,1817,1,0
1420151,1,322,8500,0,8822,0,0
1420221,1,1092,10836,0,11928,1,13000
1420251,1,625,46130,0,46755,0,0
1420341,1,354,3420,0,3774,0,0
1420351,1,456,6770,0,7226,1,14000
1420352,1,246,2820,0,3066,0,0
1420449,1,0,0,0,0,0,0
1420459,1,365,5625,0,5990,0,0
1420521,1,366,4970,0,5336,1,14000
1420541,1,207,1660,0,1867,0,0
1420542,1,247,3847,0,4094,1,7000
1420621,1,365,5400,0,5765,1,15000
1420641,1,416,41690,0,42106,0,0
1420721,1,428,4380,0,4808,1,14000
1420741,1,374,4230,0,4604,1,7500
1420821,1,508,3697,0,4205,1,22000
1421021,1,429,3410,0,3839,1,10000
1421121,1,469,3330,0,3799,1,25000
1421221,1,451,2820,0,3271,1,14000
1421321,1,359,2442,0,2801,1,14000
1421322,1,262,2515,0,2777,1,15000
1421421,1,455,16060,0,16515,1,8000
1421521,1,385,3890,0,4275,1,26500
1421621,1,297,2660,0,2957,1,3000
1421721,1,268,3900,0,4168,1,8000
1421821,1,218,3070,0,3288,1,4000
1430121,1,446,11265,0,11711,1,0
1430141,1,267,1645,200,2112,1,0
1430151,1,368,4615,0,4983,1,24000
1430221,1,495,5945,0,6440,1,0
1430241,1,312,1905,0,2217,0,0
1430251,1,921,21010,0,21931,1,9000
1430321,1,494,4180,0,4674,1,0
1430341,1,260,1145,0,1405,0,0
1430351,1,386,3630,0,4016,0,0
1430459,1,236,2950,0,3186,0,0
1430521,1,511,9950,0,10461,1,71000
1430541,1,585,19970,0,20555,0,0
1430621,1,330,1425,0,1755,1,9000
1430641,1,390,2905,0,3295,0,0
1430731,1,483,39890,0,40373,1,35300
1430821,1,328,8350,0,8678,1,0
1430921,1,382,2735,0,3117,1,31600
1431031,1,495,4305,0,4800,1,47300
1431121,1,580,10555,0,11135,1,0
1431331,1,301,4560,0,4861,1,44500
1431429,1,0,0,0,0,0,0
1431521,1,174,830,0,1004,0,0
1431522,1,503,22840,0,23343,1,46000
1431621,1,357,2070,150,2577,1,5000
1431721,1,535,26290,0,26825,1,42000
1510121,1,305,23994,0,24299,1,33000
1510141,1,318,7864,0,8182,1,25000
1510151,1,785,5260,0,6045,0,16000
1510221,1,417,3537,0,3954,1,32000
1510241,1,298,2940,100,3338,0,3000
1510251,1,437,2839,0,3276,0,0
1510252,1,215,1225,40,1480,0,0
1510321,1,402,4955,0,5357,1,14500
1510341,1,580,5763,0,6343,0,0
1510351,1,237,1645,0,1882,0,0
1510421,1,437,3987,0,4424,1,28000
1510441,1,1000,14412,0,15412,0,0
1510459,1,1878,25100,160,27138,0,10000
1510521,1,466,16430,120,17016,0,0
1510541,1,315,2965,0,3280,1,5500
1510621,1,730,5235,0,5965,1,3000
1510721,1,485,5558,0,6043,1,31000
1510722,1,333,2470,50,2853,1,7000
1510821,1,558,8248,0,8806,1,32000
1510921,1,458,9668,75,10201,1,40000
1511021,1,528,5860,0,6388,1,56000
1511022,1,285,12055,0,12340,0,0
1511121,1,600,4135,0,4735,1,29000
1511221,1,486,17235,88,17809,1,21000
1520121,1,260,2270,0,2530,1,1000
1520122,1,359,3865,60,4284,1,1000
1520141,1,452,9964,0,10416,0,8000
1520151,1,713,8973,0,9686,1,17500
1520221,1,649,14791,100,15540,1,16000
1520241,1,301,6430,100,6831,1,2000
1520251,1,543,19267,200,20010,0,0
1520252,1,259,4315,60,4634,1,3000
1520321,1,808,23560,160,24528,1,66000
1520341,1,265,2706,0,2971,0,0
1520342,1,271,3235,70,3576,0,0
1520351,1,842,82920,0,83762,0,0
1520352,1,384,6765,0,7149,0,0
1520353,1,432,11610,0,12042,0,0
1520421,1,556,7230,180,7966,1,35000
1520441,1,225,994,0,1219,0,0
1520459,1,360,5673,55,6088,0,0
1520521,1,287,3746,70,4103,1,34000
1520541,1,326,11755,0,12081,1,5000
1520621,1,706,7710,140,8556,0,4000
1520622,1,271,17467,0,17738,1,22000
1520721,1,565,5796,0,6361,1,42000
1520821,1,342,8760,45,9147,1,6000
1520921,1,949,13220,0,14169,1,27000
1521021,1,477,4170,50,4697,1,77000
1521121,1,309,4110,0,4419,1,27000
1521122,1,261,24284,200,24745,0,0
1521221,1,264,10439,80,10783,1,40500
1530121,1,561,11564,0,12125,0,0
1530141,1,419,2500,0,2919,1,3500
1530151,1,656,48936,0,49592,0,0
1530221,1,346,1805,150,2301,1,7500
1530222,1,263,10890,80,11233,0,0
1530241,1,337,69749,0,70086,1,15000
1530251,1,540,7685,0,8225,0,0
1530321,1,423,5530,0,5953,1,48000
1530341,1,459,6850,66,7375,1,5000
1530351,1,293,4205,0,4498,0,0
1530441,1,180,1150,0,1330,1,0
1530459,1,530,12490,0,13020,0,6000
1530521,1,449,5465,0,5914,1,31000
1530541,1,236,3156,40,3432,1,2000
1530621,1,536,6940,70,7546,1,9500
1530821,1,498,10899,0,11397,1,4000
1530921,1,211,10690,8,10909,1,2000
1531021,1,531,30710,0,31241,1,13000
1531121,1,390,2675,60,3125,1,2500
1531122,1,461,9470,0,9931,1,6500
1531221,1,585,64060,100,64745,1,0
1610121,1,384,3119,80,3583,1,11000
1610141,1,223,14851,0,15074,0,0
1610151,1,434.5,2316,0,2750.5,0,0
1610221,1,328,2265,90,2683,1,32000
1610241,1,251,4635,0,4886,0,15000
1610251,1,437,3676,0,4113,0,0
1610252,1,156,3710,0,3866,0,0
1610341,1,43,640,36,719,0,0
1610342,1,196,1950,200,2346,0,0
1610351,1,456,13866,0,14322,0,7000
1610421,1,301,2910,0,3211,1,64000
1610441,1,41,2780,0,2821,0,10000
1610459,1,362,2460,0,2822,1,5000
1610521,1,524,35280,0,35804,1,23000
1610541,1,399,6110,0,6509,0,0
1610542,1,113,2230,70,2413,0,5000
1610621,1,358,8751,0,9109,1,30000
1610721,1,442,9584,70,10096,1,24000
1610722,1,129,1381,60,1570,0,0
1610821,1,416,2132,0,2548,1,13000
1610822,1,157,1834,100,2091,0,3000
1610921,1,93,484,0,577,0,0
1610922,1,129.5,1688,100,1917.5,0,0
1610923,1,304,52697,80,53081,1,31000
1610924,1,225,1908,0,2133,1,8000
1611021,1,317,2514,0,2831,1,9000
1611022,1,183,10190,60,10433,1,11000
1611121,1,1195,23750,0,24945,1,0
1611221,1,256,3810,80,4146,1,19000
1611222,1,37,360,6,403,0,0
1620121,1,394,7738,100,8232,1,27500
1620141,1,316,8855,120,9291,1,25500
1620151,1,348,10210,0,10558,0,0
1620221,1,271,5771,0,6042,1,0
1620251,1,852,68685,0,69537,0,0
1620321,1,358,4650,0,5008,1,18000
1620341,1,221,1712,0,1933,0,0
1620351,1,404,7250,0,7654,0,6000
1620459,1,238,2300,0,2538,0,0
1620521,1,285,4802,0,5087,1,0
1620522,1,376,5281,0,5657,0,0
1620541,1,58,2627,0,2685,1,11000
1620721,1,365,11295,0,11660,1,28000
1620821,1,110,1308,20,1438,1,6000
1620921,1,166,2298,0,2464,1,11000
1620922,1,291.5,8726,0,9017.5,1,2000
1621021,1,246,4672,130,5048,1,19000
1621121,1,439,3036,0,3475,1,0
1621122,1,162,2740,0,2902,0,0
1621221,1,452,9780,0,10232,1,23000
1621222,1,311,4920,0,5231,1,13000
1621223,1,290,7690,0,7980,1,29000
1630121,1,416,21915,0,22331,1,17000
1630141,1,332,14547,0,14879,1,2000
1630151,1,571,31970,0,32541,0,49000
1630221,1,280,24083,100,24463,1,15000
1630241,1,23,2322,30,2375,0,0
1630251,1,450,14538,0,14988,1,10000
1630321,1,581,5380,0,5961,1,9000
1630341,1,203.5,1152,0,1355.5,0,0
1630351,1,1273,48970,0,50243,1,3500
1630421,1,394,8600,90,9084,1,10000
1630441,1,225,17357,0,17582,1,23000
1630459,1,507.5,23760,0,24267.5,1,8000
1630521,1,508,12337,80,12925,1,7000
1630541,1,300,5558,0,5858,1,22000
1630621,1,959.5,40735,90,41784.5,1,0
1630721,1,204,1720,120,2044,1,9000
1630821,1,327,1700,0,2027,1,6000
1630921,1,158,2253,0,2411,1,5000
1630922,1,169,1130,0,1299,1,7000
1631021,1,440,6630,0,7070,1,0
1631022,1,173,3200,90,3463,0,0
1631121,1,437,4869,0,5306,1,20500
1631221,1,389,5160,0,5549,1,17000
1710131,1,784,8000,100,8884,1,37000
1710132,1,550,7350,0,7900,0,0
1710241,1,668,6650,100,7418,0,4000
1710251,1,897,36700,0,37597,0,0
1710341,1,614,12095,0,12709,0,8500
1710351,1,385,4010,0,4395,0,2000
1710431,1,604,5300,0,5904,1,2000
1710441,1,1972,42480,0,44452,0,10000
1710459,1,619,7120,0,7739,0,3000
1710531,1,565,6080,0,6645,1,0
1710541,1,497,3185,0,3682,0,3000
1710542,1,337,3970,0,4307,0,5500
1710543,1,407,5500,0,5907,0,2000
1710731,1,610,7900,100,8610,1,0
1710831,1,352,18080,0,18432,1,43000
1710931,1,208,5600,0,5808,1,7500
1710932,1,456,6530,90,7076,1,2500
1711031,1,537,4800,0,5337,1,4000
1711131,1,568,7250,0,7818,1,8000
1711231,1,536,5680,0,6216,1,0
1711339,1,693,9860,0,10553,1,7000
1711439,1,596,5190,0,5786,1,3000
1711539,1,748,8080,0,8828,1,6000
1711639,1,359,3490,0,3849,1,14500
1711739,1,730,11685,150,12565,1,21500
1711839,1,587,4440,0,5027,1,85000
1720131,1,105,560,0,665,1,0
1720141,1,1972,31020,0,32992,0,5000
1720151,1,593,7030,0,7623,0,5000
1720231,1,783,14450,0,15233,1,13000
1720241,1,153,1230,0,1383,0,0
1720251,1,1203,28200,0,29403,0,0
1720331,1,548,4620,0,5168,1,17000
1720341,1,420,5418,0,5838,0,2000
1720351,1,960,6730,0,7690,0,3000
1720431,1,718,8550,0,9268,1,74000
1720441,1,1071,82600,0,83671,0,0
1720459,1,979.5,25850,0,26829.5,0,0
1720531,1,235,1460,0,1695,1,2000
1720549,1,0,0,0,0,0,0
1720631,1,755,5830,0,6585,1,4000
1720731,1,366,5440,0,5806,1,10000
1720831,1,572,3850,0,4422,1,0
1720931,1,274,2540,0,2814,1,4000
1721031,1,658,4330,0,4988,1,0
1721131,1,538,4020,100,4658,1,0
1721339,1,691,5747,0,6438,1,0
1721439,1,604,11130,0,11734,1,23700
1721539,1,640,7030,0,7670,1,9000
1721639,1,880,9770,0,10650,1,4000
1721739,1,642,16280,0,16922,1,52500
1721839,1,536,6090,0,6626,1,0
1721939,1,1107,8140,0,9247,1,0
1730131,1,633,4330,0,4963,1,3000
1730149,1,0,0,0,0,0,0
1730151,1,245,9064,0,9309,0,20000
1730231,1,493,6290,0,6783,0,6000
1730232,1,338,4300,0,4638,1,5000
1730233,1,338,3010,0,3348,1,10500
1730241,1,317,9510,0,9827,0,0
1730331,1,319.5,3100,0,3419.5,1,29000
1730341,1,299,2975,0,3274,0,1000
1730431,1,124,935,0,1059,1,5000
1730459,1,456,3480,0,3936,0,2000
1730531,1,460,7992,0,8452,1,2500
1730541,1,458,8960,230,9648,0,6000
1730542,1,291,4400,100,4791,0,1000
1730543,1,703,5040,0,5743,0,36000
1730544,1,221,2440,0,2661,0,0
1730631,1,492,29220,0,29712,1,0
1730731,1,836,20030,0,20866,1,3000
1730931,1,403,2400,0,2803,1,0
1731031,1,608,63848,0,64456,1,6000
1731131,1,603,6270,0,6873,1,16000
1731231,1,531.5,3780,0,4311.5,1,23500
1731339,1,410,2960,0,3370,1,3000
1731439,1,672,19280,0,19952,1,21500
1731539,1,366,2300,0,2666,1,12000
1731639,1,641,4420,0,5061,1,4000
1731739,1,87,790,0,877,1,0
1740139,1,459,5370,30,5859,1,0
1740149,1,386,4350,90,4826,0,4000
1740159,1,607,13140,0,13747,0,2000
1740239,1,411,3255,0,3666,1,12500
1740249,1,97,735,0,832,0,0
1740259,1,564,8860,0,9424,0,0
1740339,1,264,6320,0,6584,1,0
1740349,1,115,1090,0,1205,0,0
1740359,1,661,7720,0,8381,0,6000
1740439,1,654,30380,0,31034,1,43000
1740449,1,756,10455,200,11411,0,0
1740459,1,898,22470,0,23368,0,0
1740529,1,513,7780,100,8393,1,7000
1740549,1,481,3810,0,4291,0,1000
1740559,1,1669,33400,0,35069,0,30000
1740629,1,1126,23530,160,24816,1,6000
1740739,1,910,10190,160,11260,1,5000
1740839,1,309,3340,0,3649,1,5000
1740939,1,683,16050,0,16733,1,24000
1741039,1,101,2110,0,2211,1,0
1741139,1,986,13670,0,14656,1,40800
1741239,1,465,4340,0,4805,1,0
1741339,1,766,8310,0,9076,1,6000
1741439,1,580,5930,0,6510,1,0
1741539,1,701,14470,0,15171,1,21000
1741639,1,853,10060,100,11013,1,0
1741739,1,641,4670,0,5311,1,0
1741839,1,308,13460,0,13768,1,25000
1810131,1,662,5799,0,6461,1,10500
1810141,1,458.8000001907349,4324,0,4782.800000190735,1,0
1810151,1,710,10420,0,11130,0,0
1810231,1,805,4320,0,5125,1,6000
1810241,1,309.25,11010,0,11319.25,1,0
1810251,1,349.1000003814697,3186,0,3535.1000003814697,1,0
1810252,1,388.6000003814697,8472,0,8860.60000038147,1,9500
1810331,1,730.5,7343,0,8073.5,1,12000
1810341,1,339.5,20934,0,21273.5,1,46500
1810351,1,345,17623,0,17968,1,3000
1810431,1,1416,25056,0,26472,1,42500
1810441,1,337,4920,50,5307,1,7000
1810459,1,934,17754,250,18938,1,41500
1810531,1,492,2099,0,2591,0,1500
1810532,1,395,5731,0,6126,1,1000
1810533,1,381.5,4256,0,4637.5,1,6000
1810541,1,333,4061,0,4394,0,0
1810631,1,470,4485,0,4955,1,10500
1810731,1,1001,18312,0,19313,1,12500
1810831,1,457,31015,100,31572,1,9500
1810931,1,520,12538,85,13143,1,12500
1811031,1,566,43441,0,44007,1,39500
1811131,1,637,14777,0,15414,1,8500
1811231,1,315.1999998092651,1387,0,1702.1999998092651,1,12000
1811339,1,463,9506,0,9969,1,13700
1811439,1,599,5648,0,6247,1,31500
1811539,1,398,4624,0,5022,1,22000
1811639,1,444,9357,0,9801,1,16500
1811739,1,413,12411,0,12824,1,42000
1811839,1,679,17883,0,18562,1,9000
1811939,1,534,40904,0,41438,1,19000
1812039,1,546,7197,0,7743,1,41000
1820131,1,1355,33531,0,34886,1,44000
1820141,1,5,0,0,5,0,0
1820151,1,558,2776,65,3399,1,21885
1820231,1,181,27490,0,27671,1,34500
1820241,1,110,740,0,850,1,0
1820251,1,497,4524,0,5021,1,21500
1820252,1,311,1770,0,2081,0,0
1820331,1,314,2673,0,2987,1,9500
1820341,1,454,1541,0,1995,1,10000
1820351,1,372,4780,0,5152,0,1000
1820431,1,468,2319,0,2787,1,15000
1820441,1,209,1017,0,1226,1,3400
1820459,1,419,6505,0,6924,1,10500
1820531,1,688,7966,40,8694,1,21500
1820541,1,144.80000019073486,457,0,601.8000001907349,0,0
1820631,1,479,1015,65,1559,1,14000
1820731,1,413,3116,0,3529,1,12500
1820732,1,258.19999980926514,2149,0,2407.199999809265,1,2000
1820831,1,554,9057,0,9611,1,35000
1820931,1,526,3641,0,4167,1,25100
1821031,1,662,4979,0,5641,1,20000
1821131,1,180.59999990463257,1408,0,1588.5999999046326,1,8000
1821231,1,361,2197,45,2603,1,14400
1821339,1,298,4580,0,4878,1,14000
1821439,1,354,1865,45,2264,1,11000
1821539,1,479,8852,80,9411,1,16500
1821639,1,751,5717,0,6468,1,42000
1821739,1,390,3540,0,3930,1,18500
1821839,1,404,4465,0,4869,1,12500
1830131,1,307,7568,90,7965,1,0
1830141,1,223.60000038146973,4871,185,5279.60000038147,0,0
1830151,1,441,7830,0,8271,0,0
1830231,1,668,8986,0,9654,1,13000
1830241,1,297.8000001907349,2525,20,2842.800000190735,1,0
1830242,1,199.8000001907349,1857,25,2081.800000190735,0,0
1830251,1,809,8640,0,9449,0,4500
1830331,1,327.5,4705,60,5092.5,1,5000
1830341,1,375,4825,0,5200,0,0
1830351,1,214.60000038146973,1680,0,1894.6000003814697,0,0
1830431,1,426,3464,0,3890,1,0
1830441,1,185,2032,2.25,2219.25,1,11000
1830459,1,671,175381,0,176052,0,0
1830531,1,306,1716,0,2022,1,11000
1830541,1,291.8000001907349,3215,60,3566.800000190735,1,5000
1830542,1,214.8000001907349,2557,0,2771.800000190735,1,16000
1830543,1,225.8000001907349,1647,0,1872.8000001907349,0,0
1830631,1,361,6549,0,6910,1,8500
1830731,1,897,20555,0,21452,1,44000
1830831,1,713,21132,0,21845,1,9000
1830931,1,452.5,7031,0,7483.5,1,9000
1831031,1,391.7000000476837,36660,60,37111.700000047684,1,8000
1831131,1,329,7935,0,8264,1,8500
1831231,1,537,16005,0,16542,1,12500
1831339,1,443,25667,0,26110,1,16500
1831439,1,321,4235,0,4556,1,7500
1831539,1,347.2000000476837,3196,0,3543.2000000476837,1,6500
1831639,1,736,7410,0,8146,1,6000
1831739,1,331,2602,0,2933,1,8000
1831839,1,532,2998,55,3585,1,4000
1831939,1,318,4930,0,5248,1,9000
1832039,1,340,2685,0,3025,1,8000
1832139,1,206.5,706,0,912.5,1,5000
1832239,1,403.8000001907349,5493,0,5896.800000190735,1,7000
1840139,1,277,2213,0,2490,1,10000
1840149,1,127.5,1810,0,1937.5,0,0
1840159,1,299,3475,0,3774,0,0
1840239,1,385.8000001907349,4050,0,4435.800000190735,1,80000
1840249,1,125.5,1270,0,1395.5,0,0
1840259,1,237,16025,0,16262,0,0
1840339,1,527,9177,0,9704,1,17500
1840349,1,270,1620,0,1890,0,0
1840359,1,471,3900,0,4371,0,0
1840439,1,313,4480,0,4793,1,29500
1840449,1,148.5,2080,0,2228.5,0,0
1840459,1,367,58725,0,59092,0,28000
1840539,1,350.5,2850,50,3250.5,1,14500
1840549,1,198,2470,0,2668,0,0
1840559,1,331,2990,0,3321,0,0
1840639,1,299,5378,0,5677,1,15100
1840739,1,236.5,2935,0,3171.5,1,15000
1840839,1,192,4345,0,4537,1,5000
1840939,1,362,4514,170,5046,1,36500
1841039,1,298,3091,0,3389,1,22000
1841139,1,297,5385,0,5682,1,8500
1841239,1,267,2480,50,2797,1,15500
1841339,1,310,4565,0,4875,1,17500
1841439,1,833,11565,0,12398,1,37500
1841539,1,241,5215,0,5456,1,4500
1841639,1,421,4245,150,4816,1,35000
1841739,1,143.5,3855,0,3998.5,1,10000
1841839,1,375,5685,80,6140,1,33000
1841939,1,295.40000009536743,10166,0,10461.400000095367,1,17000
1842039,1,441,2954,0,3395,1,20000
1842139,1,630,6503,0,7133,1,6000
1910141,1,298,3940,0,4238,0,0
1910151,1,401,4070,0,4471,0,0
1910231,1,385,3740,0,4125,1,53500
1910232,1,220,3010,0,3230,1,0
1910241,1,252,2270,70,2592,0,0
1910251,1,348,3435,0,3783,0,0
1910331,1,282,3270,60,3612,1,0
1910431,1,528,9470,0,9998,1,0
1910441,1,436,3670,180,4286,0,0
1910459,1,337,4270,0,4607,1,26500
1910531,1,406,3760,0,4166,1,0
1910541,1,421,7460,0,7881,0,0
1910631,1,309,3420,0,3729,1,58500
1910641,1,378,3420,0,3798,0,0
1910731,1,499,9370,0,9869,1,81000
1910831,1,367,4200,0,4567,1,0
1910931,1,228,2730,80,3038,1,0
1911031,1,325,3790,0,4115,1,6500
1911231,1,374,3600,0,3974,1,0
1911331,1,299,3620,30,3949,1,0
1911431,1,673,7210,110,7993,1,74500
1911539,1,456,11160,50,11666,1,32500
1911639,1,310,3100,60,3470,1,60500
1911739,1,337,5150,0,5487,1,45000
1911839,1,301,2930,110,3341,1,46000
1911939,1,371,3700,0,4071,1,80500
1912039,1,383,5505,0,5888,1,47000
1920131,1,425,8015,0,8440,1,34000
1920141,1,751,76040,0,76791,0,17000
1920151,1,567,8580,0,9147,0,0
1920231,1,555,7150,0,7705,1,41000
1920241,1,517,4500,0,5017,0,0
1920251,1,803,6760,0,7563,0,0
1920331,1,522,5040,80,5642,1,17000
1920351,1,381,6765,0,7146,0,0
1920431,1,1661,27070,0,28731,1,47500
1920441,1,780,38120,0,38900,0,0
1920459,1,812,5770,140,6722,0,0
1920531,1,315,4580,0,4895,1,47000
1920541,1,246,9790,0,10036,0,0
1920631,1,375,4710,70,5155,1,0
1920641,1,378,4250,0,4628,1,0
1920731,1,267,6480,0,6747,1,23000
1920831,1,500,5640,0,6140,1,0
1920931,1,311,2550,0,2861,1,0
1921031,1,422,5030,150,5602,1,0
1921231,1,475,3790,75,4340,1,46000
1921331,1,728,15930,0,16658,1,60500
1921431,1,633,6480,70,7183,1,65500
1921539,1,69,720,0,789,1,32500
1921639,1,385,6420,90,6895,1,60000
1921739,1,513,7010,0,7523,1,51500
1921839,1,334,2960,80,3374,1,54500
1921939,1,388,5760,50,6198,1,72000
1922039,1,500,7310,0,7810,1,61500
1922139,1,643,7630,0,8273,1,53000
1922239,1,345,3440,0,3785,1,3500
1922339,1,400,4370,70,4840,1,3500
1922439,1,566,12090,0,12656,1,55500
1930131,1,268,2430,0,2698,1,0
1930141,1,285,34820,50,35155,0,8000
1930151,1,361,3230,40,3631,0,0
1930231,1,461,4520,65,5046,1,0
1930241,1,210,2560,45,2815,0,0
1930251,1,296,8240,0,8536,0,0
1930331,1,513,5330,0,5843,1,0
1930341,1,275,3150,35,3460,0,0
1930351,1,367,2840,0,3207,0,0
1930441,1,246,3770,60,4076,0,0
1930459,1,349,3490,0,3839,0,0
1930531,1,249,2905,0,3154,1,0
1930541,1,219,2250,25,2494,0,0
1930631,1,385,5680,40,6105,1,0
1930641,1,324,3756,45,4125,0,0
1930731,1,267,3390,0,3657,1,0
1930839,1,0,0,0,0,0,0
1930931,1,520,6820,0,7340,1,0
1931031,1,414,4370,25,4809,1,6000
1931131,1,391,3660,20,4071,1,0
1931231,1,265,4970,0,5235,1,0
1931232,1,175,2950,0,3125,0,0
1931331,1,340,5810,0,6150,1,0
1931431,1,699,7670,35,8404,1,0
1940139,1,503,16310,250,17063,1,43500
1940149,1,704,10230,0,10934,0,3000
1940159,1,419,10188,0,10607,0,10000
1940239,1,217,1287,0,1504,1,26500
1940249,1,168,2065,0,2233,1,9000
1940259,1,612,4146,0,4758,0,4000
1940339,1,231.5,5091,0,5322.5,1,6500
1940349,1,321,2932,80,3333,0,2000
1940359,1,1165,59760,0,60925,0,85000
1940439,1,144,2751,0,2895,1,6500
1940449,1,282,1526,0,1808,0,0
1940459,1,363,1438,0,1801,0,2000
1940539,1,616,16433,0,17049,1,125000
1940549,1,582,2772,0,3354,1,16000
1940559,1,883,33481,0,34364,1,61000
1940639,1,711,10130,0,10841,1,39500
1940739,1,163.5,2222,0,2385.5,1,32500
1940839,1,112,8725,0,8837,1,41500
1940939,1,1040,9490,0,10530,1,39000
1941039,1,235,1942,0,2177,1,15500
1941139,1,1220,16875,275,18370,1,43500
1941239,1,510,5652,0,6162,1,37500
1941339,1,244,8054,0,8298,1,45000
1941439,1,1128,12630,0,13758,1,41000
1941539,1,553,9675,0,10228,1,37000
2010131,1,49,530,0,579,1,0
2010141,1,475,71740,0,72215,0,12000
2010151,1,676,18940,0,19616,1,22000
2010231,1,193,2202,0,2395,1,0
2010241,1,306,5900,50,6256,1,2000
2010251,1,330,2590,0,2920,0,0
2010252,1,182,2615,0,2797,0,0
2010331,1,187,2532,30,2749,1,7500
2010341,1,261,3510,0,3771,0,0
2010351,1,798,29405,0,30203,1,32000
2010431,1,279,2595,15,2889,1,2000
2010441,1,590,28945,130,29665,1,8500
2010459,1,370,23255,0,23625,0,2000
2010531,1,282,3036,60,3378,1,7500
2010541,1,321,6060,0,6381,0,0
2010542,1,200,2330,0,2530,1,0
2010543,1,196,8775,0,8971,1,8000
2010631,1,134,5245,0,5379,1,0
2010731,1,194,2660,0,2854,1,18000
2010831,1,147,3040,0,3187,1,6500
2010931,1,200,2791,0,2991,1,0
2011031,1,213,2640,110,2963,1,10500
2011131,1,528,8400,0,8928,1,21500
2011132,1,182,1950,0,2132,0,0
2011231,1,202,2250,0,2452,1,10400
2011339,1,577,11825,0,12402,1,28000
2011439,1,275,3966,60,4301,1,57000
2011539,1,231,3395,0,3626,1,31000
2011639,1,279,2720,50,3049,1,5000
2011739,1,284,4045,0,4329,1,9500
2011839,1,317,3855,80,4252,1,37000
2011939,1,444,10580,170,11194,1,35500
2012039,1,370,15985,0,16355,1,2000
2020131,1,325,22950,0,23275,1,52500
2020132,1,277,5875,0,6152,1,2000
2020133,1,0,15,25,40,0,0
2020141,1,338,3570,0,3908,1,12000
2020151,1,494,6615,0,7109,0,0
2020231,1,339,5874,60,6273,1,92000
2020232,1,195,3156,60,3411,0,0
2020241,1,300,4405,0,4705,1,12000
2020251,1,253,5707,0,5960,0,0
2020252,1,184,4120,0,4304,0,0
2020331,1,268,5530,0,5798,1,26000
2020332,1,195,2960,0,3155,0,2000
2020333,1,157,2810,0,2967,1,5500
2020341,1,584,8906,0,9490,1,48500
2020351,1,239,122525,0,122764,1,8000
2020431,1,450,16140,0,16590,1,37500
2020432,1,188,2730,0,2918,0,0
2020441,1,364,6166,0,6530,1,2000
2020459,1,318,51175,0,51493,0,0
2020531,1,431,5030,0,5461,1,6000
2020541,1,82,3010,0,3092,0,0
2020631,1,571,16802,0,17373,1,58500
2020731,1,231,5778,70,6079,1,0
2020831,1,310,3270,60,3640,1,0
2020832,1,188,2250,70,2508,0,0
2020931,1,336,3647,70,4053,1,28000
2020932,1,209,3205,0,3414,0,0
2021031,1,371,10270,0,10641,1,43000
2021032,1,169,2545,0,2714,0,0
2021131,1,157,2135,90,2382,1,9000
2021231,1,395,3780,180,4355,1,16000
2021232,1,175,3030,40,3245,0,0
2021339,1,191,2220,40,2451,1,37500
2021439,1,523,7235,130,7888,1,69500
2021539,1,369,4465,0,4834,1,57000
2021639,1,106,4390,0,4496,1,24000
2021739,1,327,10239,0,10566,1,7000
2021939,1,375,6787,130,7292,1,22500
2022039,1,135,3973,0,4108,1,46000
2022139,1,312,6605,0,6917,1,10000
2022239,1,274,9295,0,9569,1,19500
2030131,1,447,4845,0,5292,1,5000
2030141,1,586,9320,17,9923,0,7000
2030151,1,147,33526,0,33673,0,0
2030152,1,213.5,3250,50,3513.5,0,0
2030231,1,383,4940,90,5413,1,2500
2030241,1,814,98970,0,99784,0,7000
2030251,1,724.5,27520,0,28244.5,0,3000
2030331,1,560,12950,0,13510,1,3500
2030341,1,208,9795,0,10003,0,6000
2030342,1,336.5,12615,50,13001.5,0,0
2030351,1,417.5,35035,0,35452.5,0,3500
2030431,1,156,2220,0,2376,1,2500
2030432,1,250,4345,0,4595,1,26500
2030441,1,302,2845,0,3147,0,3000
2030459,1,654,16115,208,16977,0,0
2030531,1,539.5,6735,0,7274.5,1,22000
2030731,1,318,4965,45,5328,1,10000
2030831,1,289,5150,50,5489,1,6000
2030931,1,412,9445,0,9857,1,7500
2031031,1,294,24319,40,24653,1,8500
2031131,1,515,7310,80,7905,1,13000
2031231,1,445,10040,0,10485,1,29500
2031339,1,423,6010,100,6533,1,4000
2031439,1,302,4940,0,5242,1,10000
2031539,1,394.5,6340,60,6794.5,1,15000
2031639,1,335,4937,0,5272,1,6000
2110131,1,648,16040,50,16738,1,65500
2110141,1,627,18955,0,19582,1,22000
2110142,1,520,6550,0,7070,0,12000
2110151,1,522,10408,0,10930,1,50500
2110231,1,1165,23260,0,24425,1,65000
2110241,1,422,7027,900,8349,1,25000
2110242,1,218,3060,0,3278,1,9500
2110251,1,1254,15690,0,16944,0,8000
2110331,1,324,8864,0,9188,1,52000
2110341,1,482,9371,0,9853,1,3000
2110351,1,1371,195741,100,197212,0,4000
2110431,1,362,13705,0,14067,1,0
2110441,1,244,6540,0,6784,1,8000
2110459,1,771,43029,0,43800,0,5000
2110531,1,118,29420,0,29538,1,18000
2110541,1,336,15668,0,16004,0,3500
2110631,1,365,29090,0,29455,1,19000
2110731,1,341,4336,60,4737,1,5000
2110831,1,423,29635,0,30058,1,35500
2110832,1,246,785,0,1031,1,0
2110931,1,306,24515,0,24821,1,21500
2111031,1,192,11000,0,11192,1,35000
2111139,1,0,0,0,0,0,0
2111231,1,244,18540,0,18784,1,27000
2111232,1,250,19496,0,19746,0,1000
2111233,1,178,4060,0,4238,0,1000
2111339,1,508,8500,0,9008,1,36500
2111439,1,449,3875,0,4324,1,37000
2111539,1,349,16610,0,16959,1,11000
2111639,1,294,10690,0,10984,1,6000
2111739,1,356,2480,130,2966,1,12500
2111839,1,213,2736,0,2949,1,13000
2120131,1,175,10887,70,11132,1,8000
2120141,1,299,3390,0,3689,0,1500
2120142,1,247,4115,85,4447,1,4000
2120151,1,1000,28400,0,29400,0,20000
2120231,1,582,7505,80,8167,1,14000
2120241,1,395,10445,85,10925,1,7000
2120251,1,1144,36868,0,38012,0,32000
2120331,1,444,20892,50,21386,1,14000
2120341,1,414,5165,0,5579,0,5000
2120342,1,542,4524,0,5066,0,1000
2120351,1,469,4890,0,5359,0,0
2120352,1,296,3332,0,3628,1,0
2120431,1,583,6127,83,6793,1,21500
2120441,1,414,3486,90,3990,0,0
2120459,1,867,10170,0,11037,1,1500
2120531,1,470,8307,150,8927,1,22500
2120541,1,135,4175,0,4310,1,9000
2120631,1,314,4447,0,4761,1,10000
2120731,1,329,3990,50,4369,1,14000
2120831,1,110,1857,0,1967,1,12000
2120931,1,289,3145,0,3434,1,15000
2120932,1,229,4797,85,5111,1,7000
2120933,1,247,3540,85,3872,0,0
2121031,1,498,7590,80,8168,1,4000
2121131,1,407,14150,80,14637,1,24500
2121231,1,343,2555,0,2898,1,3000
2121232,1,346,3155,0,3501,1,2500
2121339,1,429,9455,0,9884,1,0
2121439,1,358,11313,0,11671,1,10500
2121539,1,301,8000,0,8301,1,3000
2121639,1,534,12038,0,12572,1,5000
2121739,1,720,7367,0,8087,1,38000
2121839,1,226,2914,0,3140,1,27000
2130131,1,420,6332,50,6802,1,5000
2130141,1,542,29800,0,30342,1,47000
2130151,1,1086,21240,0,22326,0,0
2130231,1,713,174343,0,175056,1,22500
2130241,1,285,4124,0,4409,0,0
2130242,1,304,4792,0,5096,0,0
2130331,1,643,13422,150,14215,1,3500
2130341,1,575,12347,120,13042,0,1000
2130351,1,84,826,0,910,0,0
2130431,1,337,22334,0,22671,1,15500
2130432,1,369,6663,0,7032,1,18500
2130441,1,476,5410,165,6051,1,17500
2130459,1,827,26206,360,27393,0,2000
2130531,1,438,5788,60,6286,1,36000
2130541,1,389,4656,0,5045,1,2000
2130631,1,237,2118,0,2355,1,5000
2130731,1,435,11970,0,12405,1,11000
2130831,1,556,16147,80,16783,1,11500
2130832,1,378,19611,0,19989,0,15000
2130931,1,375,17521,0,17896,1,0
2130932,1,412,4682,0,5094,1,1000
2130933,1,375,6332,0,6707,1,3000
2130934,1,281,6432,80,6793,1,6000
2131031,1,560,9784,0,10344,1,8000
2131131,1,300,5006,0,5306,1,12500
2131132,1,331,5238,0,5569,0,0
2131231,1,435,6772,0,7207,1,3000
2131339,1,478,8470,90,9038,1,48000
2131439,1,190,2190,0,2380,1,0
2131539,1,402,5191,80,5673,1,9000
2131639,1,602,13511,0,14113,1,3000
2131739,1,380,4136,0,4516,1,29000
2131839,1,312,3190,0,3502,1,5000
2131939,1,365,6750,0,7115,1,67000
2132039,1,297,6100,0,6397,1,27500
2132139,1,551,6570,0,7121,1,20500
2210131,1,490,2650,90,3230,1,54000
2210141,1,926,4720,0,5646,0,0
2210151,1,672,3640,0,4312,0,0
2210231,1,421,2543,0,2964,1,62000
2210241,1,287,2323,0,2610,0,0
2210251,1,236,1878,0,2114,0,0
2210252,1,490,2440,0,2930,0,0
2210253,1,333,2050,115,2498,0,0
2210331,1,541,3275,0,3816,1,43000
2210341,1,459,3300,0,3759,0,0
2210351,1,477,4234,0,4711,0,0
2210431,1,331,2157,0,2488,1,42000
2210441,1,489,4180,0,4669,1,51000
2210459,1,591,5805,0,6396,0,0
2210531,1,9,1264,0,1273,0,0
2210541,1,512,2390,0,2902,0,0
2210542,1,373,2530,0,2903,0,0
2210543,1,356.1199999973178,2818,0,3174.119999997318,0,0
2210631,1,290,2658,0,2948,1,36000
2210641,1,428,2969,0,3397,0,0
2210731,1,538,4370,0,4908,1,48000
2210831,1,320,4231,0,4551,1,21000
2210931,1,241,7253,0,7494,1,12000
2211031,1,429,3397,0,3826,1,32000
2211131,1,525,4447,0,4972,0,0
2211231,1,498,2845,0,3343,1,47000
2211331,1,508,5050,20,5578,1,67000
2211431,1,432,2380,90,2902,1,54000
2211539,1,454,2920,0,3374,1,62000
2211639,1,412,2790,0,3202,1,49000
2211739,1,654,3540,0,4194,1,62000
2211839,1,551,2870,110,3531,1,55000
2211939,1,355,2613,110,3078,1,46000
2212039,1,433,2430,110,2973,1,58000
2212139,1,457,2700,120,3277,1,42000
2212239,1,538,2635,0,3173,1,64000
2212339,1,466,3140,110,3716,1,59000
2212439,1,418,2695,0,3113,1,55000
2212539,1,385,3220,0,3605,1,62000
2212639,1,328,3120,0,3448,1,48000
2220131,1,376.5,4555,120,5051.5,1,64000
2220141,1,425,4072,210,4707,0,0
2220151,1,482,4790,0,5272,0,0
2220152,1,524,4292,0,4816,0,0
2220153,1,862,43390,0,44252,1,7000
2220154,1,401,3160,0,3561,0,0
2220231,1,502,5180,0,5682,1,46000
2220232,1,310,2170,110,2590,0,0
2220233,1,310,2353,105,2768,0,0
2220241,1,296,3127,0,3423,0,0
2220251,1,606.5,41910,60,42576.5,0,0
2220341,1,181.5,3320,0,3501.5,0,0
2220351,1,945.5,14200,0,15145.5,0,0
2220431,1,729,9800,0,10529,0,0
2220441,1,358,2734,0,3092,1,60000
2220442,1,216,2505,0,2721,0,0
2220459,1,337,2858,0,3195,0,0
2220531,1,277,3405,0,3682,1,75000
2220532,1,399,4430,0,4829,0,0
2220533,1,241,22257,0,22498,0,0
2220631,1,315,1950,0,2265,1,41000
2220641,1,340.5,5945,0,6285.5,1,51000
2220731,1,491,8462,0,8953,1,90000
2220831,1,546,5242,0,5788,1,44000
2220931,1,590,10425,0,11015,1,71000
2221031,1,543,3685,0,4228,1,50000
2221131,1,351,8620,0,8971,1,53000
2221231,1,435,3102,0,3537,1,41000
2221331,1,441,9200,0,9641,1,105000
2221431,1,285.5,10830,0,11115.5,1,76500
2221539,1,504,2845,90,3439,1,44000
2221639,1,537,4220,0,4757,1,47000
2221739,1,545,2735,90,3370,1,48000
2221839,1,522,12025,60,12607,1,69000
2221939,1,167,1555,0,1722,1,55000
2222039,1,316,4810,0,5126,1,60000
2222139,1,334,2812,0,3146,1,44000
2222239,1,369,3990,110,4469,1,38000
2222339,1,424,3900,190,4514,1,45000
2222439,1,581,3920,0,4501,1,43000
2230131,1,469,5172,90,5731,1,48500
2230132,1,130,1213,70,1413,1,8000
2230149,1,0,0,0,0,0,0
2230151,1,292,2247,0,2539,0,0
2230231,1,329,10382,100,10811,1,67400
2230232,1,286,3500,0,3786,1,4000
2230241,1,333,10957,100,11390,1,2000
2230251,1,281,1770,0,2051,0,0
2230331,1,393,10592,0,10985,1,20000
2230341,1,400,2442,0,2842,0,0
2230351,1,327,2909,0,3236,1,10000
2230431,1,218,1687,0,1905,1,58000
2230432,1,336,1728,90,2154,1,4000
2230441,1,328,7514,90,7932,1,5000
2230459,1,412.1199999973178,3370,0,3782.119999997318,0,0
2230531,1,393,2862,0,3255,1,43000
2230541,1,533,16153,0,16686,0,0
2230631,1,228,3336,136,3700,1,34000
2230641,1,184,1757,0,1941,0,0
2230731,1,337,2954,0,3291,1,77000
2230831,1,201,3282,0,3483,1,65000
2230931,1,550,6274,0,6824,1,45000
2231031,1,253,4258,0,4511,1,51000
2231131,1,163,2384,0,2547,1,66000
2231132,1,175,3016,0,3191,1,18000
2231231,1,479,8196,0,8675,1,54500
2231331,1,476,6401,0,6877,1,60000
2231431,1,290,1454,0,1744,1,7000
2231432,1,338,4032,0,4370,0,0
2231433,1,174,3693,0,3867,0,0
2231539,1,416,2940,0,3356,1,28000
2231639,1,384,2223,0,2607,1,74500
2231739,1,199,3033,0,3232,1,44000
2231839,1,283,2340,0,2623,1,9000
2231939,1,530,4740,0,5270,1,62000
2232039,1,366,2880,0,3246,1,43000
2232139,1,416.1199999973178,2925,0,3341.119999997318,1,29000
2232239,1,419,3145,0,3564,1,57000
2232339,1,400,2695,0,3095,1,59500
2310131,1,1784,171630,350,173764,1,109000
2310141,1,507,12740,0,13247,1,12000
2310151,1,2408,217380,0,219788,0,0
2310231,1,1181,37670,410,39261,1,118000
2310241,1,1404,91925,0,93329,0,80000
2310331,1,708,43820,350,44878,1,138000
2310341,1,471,13050,0,13521,0,165000
2310351,1,829.5,19230,0,20059.5,0,120000
2310352,1,748,47560,0,48308,0,120000
2310353,1,898,50636,0,51534,1,80000
2310431,1,451,2902,0,3353,1,0
2310441,1,884.5,72270,0,73154.5,1,108500
2310459,1,2020,272020,0,274040,0,75000
2310531,1,1137,20720,0,21857,1,118000
2310631,1,502,22145,0,22647,1,90500
2310731,1,1141,32370,200,33711,1,109500
2310831,1,890,29060,0,29950,1,131500
2310832,1,677,6320,100,7097,1,34500
2310931,1,1062,44185,0,45247,1,100000
2311031,1,813,14730,0,15543,1,136500
2311032,1,463,8040,48,8551,1,0
2311131,1,923,33880,0,34803,1,106000
2311231,1,1000,49408,0,50408,1,95500
2311339,1,1262,14145,0,15407,1,116500
2311439,1,978,227100,0,228078,1,118000
2311539,1,793,35350,0,36143,1,38000
2311639,1,937,18750,0,19687,1,99500
2311739,1,1202,70305,350,71857,1,114000
2311839,1,787,19000,0,19787,1,146000
2311939,1,1732,32770,0,34502,1,402000
2312039,1,1061,74600,200,75861,1,103000
2312139,1,1739,92096,0,93835,1,145000
2320131,1,534,3432,110,4076,1,14000
2320141,1,531,23520,400,24451,1,83500
2320151,1,550,10270,0,10820,0,0
2320152,1,300.5,4600,0,4900.5,0,10000
2320231,1,647,17050,0,17697,1,109500
2320232,1,597,12720,0,13317,0,0
2320241,1,493,16580,260,17333,1,20000
2320242,1,390,8490,75,8955,1,23000
2320251,1,385.5,5536,0,5921.5,0,10000
2320252,1,476,19270,0,19746,1,19500
2320253,1,362,17720,350,18432,1,28000
2320331,1,455,3880,350,4685,1,72500
2320341,1,559,3478,110,4147,1,19500
2320351,1,431.5,7740,0,8171.5,1,87000
2320431,1,424,5310,0,5734,1,84000
2320432,1,428,4010,130,4568,1,32000
2320433,1,409,4040,110,4559,1,9000
2320434,1,282.25,4840,0,5122.25,1,116000
2320441,1,708.5,11998,0,12706.5,1,28000
2320442,1,422,63210,0,63632,1,19500
2320459,1,365.5,7100,400,7865.5,0,0
2320531,1,570,5280,0,5850,1,80500
2320541,1,457.5,3558,350,4365.5,1,72000
2320631,1,434,3564,120,4118,1,89000
2320731,1,727,26830,0,27557,1,120000
2320831,1,1182,47600,380,49162,1,140500
2320931,1,225.5,2496,70,2791.5,0,0
2320932,1,314,2884,85,3283,1,14500
2321031,1,391,7420,110,7921,1,98000
2321131,1,190,4918,60,5168,0,0
2321132,1,675,16810,0,17485,1,68000
2321231,1,1005,9660,700,11365,1,101000
2321232,1,430,6470,350,7250,1,26000
2321339,1,350,3708,0,4058,1,120000
2321439,1,617,12050,350,13017,1,100500
2321539,1,764,104360,0,105124,1,111500
2321639,1,665,9236,0,9901,1,154000
2321739,1,456,37100,400,37956,1,102000
2321839,1,695,55868,0,56563,1,96500
2321939,1,695,7296,110,8101,1,98000
2330131,1,533,35192,0,35725,1,66000
2330141,1,862,8736,350,9948,0,10000
2330151,1,366,9322,0,9688,0,0
2330231,1,1009,26526,0,27535,1,76500
2330241,1,370,14105,0,14475,0,0
2330251,1,529,4798,0,5327,0,0
2330331,1,401,3940,0,4341,1,66000
2330341,1,814,16034,0,16848,0,5000
2330351,1,360,11410,300,12070,0,0
2330431,1,1006,18700,0,19706,1,85000
2330441,1,297,3076,0,3373,0,0
2330459,1,1107,62067,0,63174,0,300000
2330531,1,512,12250,0,12762,1,75000
2330541,1,743,10670,0,11413,1,64000
2330631,1,950,113960,0,114910,1,61000
2330731,1,597,6885,0,7482,1,79000
2330831,1,423,5888,0,6311,1,82000
2330931,1,552,14018,0,14570,1,60000
2331031,1,1277.5,263798,0,265075.5,1,140600
2331131,1,339,9575,0,9914,1,67000
2331231,1,825,7214,310,8349,1,18000
2331339,1,794,14518,0,15312,1,53000
2331439,1,364,9625,0,9989,1,51000
2331539,1,567,23350,0,23917,1,78000
2331639,1,348,30680,0,31028,1,75000
2331739,1,536,13830,0,14366,1,79000
2331839,1,496,260270,0,260766,1,40000
2331939,1,686,6615,110,7411,1,88000
2332039,1,1053,27397,0,28450,1,25000
2332139,1,482,20160,150,20792,1,31500
2332239,1,735,15250,0,15985,1,71500
2332339,1,641,16000,60,16701,1,180500
2410131,1,430,6740,0,7170,1,59000
2410141,1,309,3057,110,3476,0,0
2410151,1,478,8650,0,9128,0,0
2410231,1,219,2320,0,2539,1,67000
2410241,1,346,8970,120,9436,0,10000
2410331,1,375,3868,0,4243,0,4500
2410341,1,196,1108,0,1304,0,0
2410351,1,342,3730,0,4072,0,0
2410431,1,299,4020,0,4319,1,41000
2410459,1,553,9080,160,9793,0,0
2410531,1,565,9800,0,10365,1,56000
2410541,1,364,4546,0,4910,1,21000
2410631,1,305,4020,0,4325,1,26000
2410731,1,305,3750,0,4055,1,37000
2410931,1,649,45310,0,45959,1,72000
2411031,1,413,12190,0,12603,1,12000
2411231,1,674,6016,0,6690,1,54000
2411339,1,239,2700,0,2939,1,16000
2411439,1,416,3440,0,3856,1,31500
2411539,1,335,6010,90,6435,1,41000
2411639,1,619,9680,0,10299,1,41000
2411739,1,367,3085,85,3537,1,31000
2411839,1,591,11121,0,11712,1,49000
2411939,1,396,6060,0,6456,1,0
2412039,1,310,10930,0,11240,1,0
2412139,1,357,6770,70,7197,1,0
2420131,1,1178,82250,0,83428,0,0
2420141,1,393,5120,0,5513,0,0
2420151,1,349,67380,0,67729,0,10000
2420231,1,302,5728,0,6030,1,0
2420241,1,572,8853,0,9425,1,23000
2420251,1,696,108740,0,109436,0,0
2420331,1,496,6500,0,6996,1,48000
2420351,1,544,7620,0,8164,0,12000
2420431,1,415,7740,0,8155,1,68000
2420441,1,387,4120,85,4592,0,5000
2420459,1,895,11045,0,11940,0,0
2420531,1,590,10750,0,11340,1,78000
2420541,1,349,7955,0,8304,1,15000
2420631,1,437,8748,450,9635,1,86000
2420731,1,462,9050,0,9512,1,32000
2420831,1,560,3920,0,4480,1,60500
2420931,1,513,9020,0,9533,1,73500
2421031,1,1122,35935,0,37057,1,13000
2421131,1,515,10170,0,10685,1,100000
2421132,1,732,11590,0,12322,0,0
2421231,1,583,10520,0,11103,1,8000
2421232,1,442,4550,0,4992,0,0
2421339,1,418,6171,0,6589,1,19000
2421439,1,550,4890,0,5440,1,15000
2421539,1,638,12365,0,13003,1,71500
2421639,1,508,5880,0,6388,1,11000
2421739,1,587,4970,0,5557,1,39500
2421839,1,1034,12650,0,13684,1,75000
2430131,1,451,25190,65,25706,1,108000
2430141,1,643,86400,0,87043,0,60000
2430142,1,323,2850,80,3253,1,66000
2430143,1,427,4710,210,5347,0,0
2430151,1,229,2390,0,2619,0,35000
2430231,1,430,106690,0,107120,1,25000
2430241,1,305,53150,210,53665,1,5000
2430242,1,301,63930,0,64231,1,89000
2430251,1,3481,64200,0,67681,0,0
2430331,1,615,10300,0,10915,1,72000
2430351,1,1633,78950,0,80583,0,0
2430431,1,582,34010,0,34592,1,77000
2430441,1,478,26470,350,27298,1,56000
2430459,1,626,7890,0,8516,0,0
2430531,1,443,8125,0,8568,1,67000
2430541,1,433,56355,210,56998,0,0
2430631,1,377,208780,0,209157,1,57500
2430731,1,488,7350,0,7838,1,55000
2430831,1,355,13700,275,14330,1,59000
2430931,1,579,44220,200,44999,1,67500
2430932,1,303,3785,80,4168,0,0
2431031,1,716,14370,0,15086,1,53000
2431131,1,614,31100,85,31799,1,30000
2431231,1,380,4560,0,4940,1,47000
2431339,1,486,7500,200,8186,1,97500
2431439,1,799,121650,225,122674,1,83000
2431539,1,634,9050,0,9684,1,60000
2431639,1,354,7360,0,7714,1,17000
2431739,1,401,5380,0,5781,1,89000
2510141,1,159.5,1238,0,1397.5,0,0
2510151,1,909,141860,0,142769,0,53000
2510241,1,552,3268,0,3820,0,0
2510251,1,594.5,15050,0,15644.5,0,0
2510341,1,498,5880,0,6378,0,0
2510351,1,406,9530,0,9936,0,6600
2510441,1,546,5211,0,5757,0,0
2510442,1,229,2808,0,3037,0,0
2510459,1,473,6519,0,6992,0,3000
2510541,1,489,4611,0,5100,0,0
2510641,1,428,2978,0,3406,0,1500
2510642,1,433.5,3047,60,3540.5,0,0
2510741,1,364.5,12632,0,12996.5,0,5000
2510841,1,1389,5270,0,6659,0,3000
2510941,1,830,28013,0,28843,0,19000
2511041,1,463,24660,0,25123,0,0
2511141,1,533,8343,0,8876,0,0
2511241,1,612,5279,0,5891,0,5000
2511341,1,616.5,6560,0,7176.5,0,0
2511342,1,341,3059,0,3400,0,2000
2511441,1,417,5460,0,5877,1,14000
2511541,1,560,10020,0,10580,0,10000
2511641,1,355,4905,0,5260,0,9500
2511741,1,499,5775,0,6274,1,52000
2520141,1,704,34655,0,35359,1,12000
2520151,1,792.5,18450,0,19242.5,1,73000
2520241,1,661,7730,0,8391,0,6000
2520251,1,539,6455,0,6994,0,8500
2520341,1,832.5,5590,0,6422.5,1,69500
2520351,1,484,29580,0,30064,0,36000
2520441,1,450.5,4740,0,5190.5,0,13000
2520459,1,962,16415,0,17377,0,12000
2520541,1,255,3745,0,4000,0,9000
2520542,1,657.5,7166,0,7823.5,1,50800
2520641,1,691,86720,0,87411,1,30800
2520741,1,683.25,66316,0,66999.25,0,18000
2520841,1,467,6960,0,7427,0,15500
2520941,1,554,7610,0,8164,1,45000
2521041,1,435,3790,0,4225,0,2000
2521141,1,588,6850,0,7438,1,7000
2521241,1,59,1685,0,1744,1,8000
2521341,1,439,3655,0,4094,0,1000
2521441,1,412,3660,100,4172,0,4000
2521541,1,579,6075,0,6654,1,4000
2521542,1,391,24760,0,25151,0,5000
2521641,1,522,6725,0,7247,0,19000
2521741,1,632,21610,0,22242,0,9000
2530141,1,421,16685,0,17106,1,30000
2530151,1,520,108070,0,108590,0,19000
2530241,1,770.5,7600,0,8370.5,0,32000
2530251,1,642,35370,0,36012,1,24000
2530341,1,599,23730,0,24329,0,20000
2530351,1,1135.5,336255,0,337390.5,0,44000
2530441,1,784.5,83432,0,84216.5,0,24000
2530459,1,302,33300,0,33602,0,0
2530541,1,557,17670,40,18267,0,9500
2530641,1,404,11132,0,11536,0,2000
2530741,1,942,47836,0,48778,0,62000
2530841,1,557,12450,225,13232,0,2500
2530941,1,340,74300,160,74800,0,15000
2531041,1,770,44485,0,45255,0,40000
2531141,1,893,33265,0,34158,0,6000
2531241,1,468,5245,80,5793,1,20000
2531341,1,162.5,2936,0,3098.5,0,3200
2531441,1,786.5,29495,0,30281.5,1,44000
2531541,1,854,15600,167,16621,0,132500
2531641,1,412,18040,0,18452,1,24000
2531741,1,402,3970,0,4372,0,6000
2540149,1,178,4685,0,4863,0,0
2540159,1,562.5,17456,0,18018.5,0,28000
2540249,1,695,12216,0,12911,0,4000
2540259,1,391.5,17157,0,17548.5,0,7000
2540349,1,380,10996,0,11376,0,8000
2540359,1,895,25998,0,26893,0,10000
2540449,1,388,7189,0,7577,0,2500
2540459,1,529,24787,0,25316,0,5000
2540549,1,305.5,3620,200,4125.5,0,6000
2540559,1,610,10255,0,10865,0,10000
2540649,1,308,3649,0,3957,0,0
2540749,1,202,4574,0,4776,0,1000
2540849,1,240,5819,0,6059,0,6000
2540949,1,465,8431,0,8896,0,0
2541049,1,394,4442,100,4936,0,0
2541149,1,235.5,3135,0,3370.5,0,1000
2541249,1,291,4500,100,4891,0,0
2541349,1,177,2990,0,3167,0,1000
2541449,1,262,18209,100,18571,0,13500
2541549,1,226.5,8426,0,8652.5,0,3000
2610141,1,292,2885,0,3177,1,6000
2610151,1,392,4345,0,4737,1,8000
2610152,1,276,3625,0,3901,1,3000
2610241,1,377,3665,120,4162,1,5000
2610251,1,410,4680,0,5090,1,5000
2610252,1,402,21270,0,21672,0,0
2610253,1,317,4300,0,4617,0,0
2610341,1,326,7105,0,7431,1,8000
2610351,1,194,2755,0,2949,0,0
2610441,1,554,6290,0,6844,1,3000
2610459,1,613,8040,0,8653,0,0
2610541,1,284,2555,0,2839,1,3000
2610641,1,410,4840,110,5360,1,2000
2610741,1,253,2665,0,2918,1,3000
2610841,1,360,3275,0,3635,0,0
2610941,1,236,3050,0,3286,0,1000
2611041,1,301,2915,0,3216,1,10000
2611141,1,324,3330,0,3654,1,23000
2611241,1,301,9495,0,9796,0,0
2611242,1,181.5,2555,0,2736.5,0,0
2611341,1,363,3345,0,3708,1,5000
2611441,1,275,6130,0,6405,1,7000
2611549,1,0,0,0,0,0,0
2611641,1,257,4760,0,5017,0,0
2611741,1,378,6580,0,6958,0,0
2620141,1,1032,10355,0,11387,0,0
2620241,1,398,12556,0,12954,0,8200
2620251,1,455,30740,0,31195,1,18000
2620341,1,213,2955,0,3168,1,6000
2620351,1,714,50280,0,50994,0,10000
2620441,1,369,2997,0,3366,1,5000
2620459,1,283,10700,0,10983,1,14000
2620549,1,0,0,0,0,0,0
2620641,1,460,6685,0,7145,1,14000
2620741,1,278,4050,0,4328,1,0
2620841,1,67,1403,0,1470,0,1000
2620941,1,240,3090,0,3330,0,0
2621041,1,131,1240,0,1371,1,0
2621141,1,338,4320,0,4658,1,9500
2621241,1,353,4155,0,4508,1,2500
2621341,1,397,6275,0,6672,1,13000
2621441,1,156,1180,0,1336,0,0
2621541,1,388,5463,175,6026,1,35000
2621641,1,309,8755,0,9064,1,12000
2621741,1,383,22350,0,22733,1,14000
2630141,1,213,1716,0,1929,1,0
2630151,1,473,30067,65,30605,0,3000
2630152,1,522,7780,0,8302,0,0
2630241,1,264,11045,95,11404,1,1000
2630251,1,463,26700,0,27163,1,6500
2630341,1,174,1800,0,1974,0,1000
2630441,1,240,4540,120,4900,1,0
2630459,1,339,3995,90,4424,0,1000
2630641,1,44,140,35,219,0,0
2630841,1,106,1005,0,1111,0,0
2631141,1,254,2605,0,2859,0,0
2631241,1,259,2987,100,3346,0,3000
2631341,1,344,3798,0,4142,0,1000
2631541,1,228,2005,0,2233,0,0
2631741,1,196,2000,0,2196,1,0
2710141,1,689,19995,0,20684,0,0
2710151,1,1314,53340,0,54654,0,0
2710241,1,709,7860,0,8569,1,4000
2710251,1,479,6210,60,6749,1,16000
2710341,1,690,35685,125,36500,1,16000
2710351,1,946,9260,0,10206,1,26000
2710441,1,600,6866,0,7466,1,0
2710459,1,417,7470,0,7887,1,25000
2710541,1,549,3150,0,3699,1,14000
2710641,1,524,10345,0,10869,1,14000
2710642,1,410,2880,0,3290,1,21000
2710741,1,385,4020,0,4405,1,12000
2710841,1,615,8270,50,8935,1,18000
2710941,1,791,12800,0,13591,1,91000
2711041,1,501,5130,0,5631,1,26000
2711141,1,924,21830,860,23614,0,0
2711241,1,440,11050,0,11490,1,3000
2711341,1,743,63630,0,64373,1,17000
2711541,1,617,12981,0,13598,0,3000
2711641,1,604,5900,120,6624,1,0
2711741,1,431,4750,130,5311,1,13000
2720141,1,724,18820,0,19544,0,0
2720151,1,514,7710,0,8224,0,0
2720241,1,544,22650,35,23229,1,0
2720251,1,420,7000,80,7500,1,18000
2720341,1,631,14780,0,15411,0,0
2720342,1,295,7930,0,8225,0,0
2720343,1,430,13205,0,13635,0,0
2720344,1,380,8380,0,8760,0,0
2720351,1,325,3905,0,4230,1,0
2720441,1,295,7865,42,8202,1,25000
2720459,1,717,22910,0,23627,0,0
2720541,1,344,4480,0,4824,1,0
2720641,1,617,32670,0,33287,0,0
2720741,1,240,3130,0,3370,0,0
2720841,1,452,21400,0,21852,0,0
2720941,1,339,6790,0,7129,1,45000
2720942,1,1014,10330,0,11344,1,0
2721041,1,285,2100,100,2485,1,2000
2721141,1,791,8800,0,9591,0,0
2721241,1,437,2710,0,3147,1,31000
2721341,1,390,1785,90,2265,1,16000
2721441,1,514,9830,0,10344,0,0
2721541,1,260,3685,0,3945,0,0
2721641,1,294,7720,0,8014,1,4000
2721741,1,639,39895,300,40834,0,5000
2730141,1,344,11760,0,12104,0,5000
2730151,1,287,3925,0,4212,0,0
2730241,1,356,10300,0,10656,0,0
2730251,1,322,7440,0,7762,0,0
2730341,1,209,3120,0,3329,0,0
2730351,1,536,323365,0,323901,0,0
2730441,1,355,4120,0,4475,0,65000
2730459,1,735,15650,0,16385,0,0
2730641,1,156,1150,0,1306,0,0
2730941,1,180,1480,0,1660,0,0
2731041,1,268,1900,125,2293,0,1000
2731141,1,327,7020,320,7667,1,13000
2731241,1,173,2520,120,2813,0,0
2731341,1,347,3350,90,3787,0,0
2731541,1,350,1840,0,2190,0,0
2731641,1,445,12760,110,13315,1,38000
2731741,1,240,3605,0,3845,0,0
2810141,1,403,6538,0,6941,0,0
2810151,1,470,11256,0,11726,0,0
2810241,1,457.5,3915,0,4372.5,0,0
2810251,1,454,6473,0,6927,1,4000
2810252,1,255,4125,0,4380,1,2000
2810341,1,208.5,896,0,1104.5,0,0
2810351,1,1427.5,61781,0,63208.5,0,9000
2810459,1,962,18706,0,19668,0,10000
2810541,1,678.5,7887,0,8565.5,0,3000
2810641,1,848,9618,0,10466,0,7000
2810741,1,878.5,23132,0,24010.5,0,5000
2810841,1,552,4532,0,5084,0,3000
2810941,1,256,3219.5,0,3475.5,1,10000
2811141,1,390.5,3735,0,4125.5,0,1000
2811341,1,243.5,3303,0,3546.5,0,0
2811441,1,458,6133,0,6591,0,2000
2811741,1,383.5,6682,100,7165.5,1,0
2820141,1,342,3608,0,3950,0,0
2820151,1,895,12362,0,13257,0,0
2820241,1,311.5,9758,250,10319.5,0,0
2820251,1,548,16770,0,17318,1,13000
2820351,1,509,8615,0,9124,0,16000
2820441,1,469.5,5720,0,6189.5,0,7000
2820459,1,623,22987,0,23610,0,1300
2820541,1,337.5,2800,0,3137.5,1,3000
2820741,1,510,10873,0,11383,0,0
2820841,1,289.5,13474,0,13763.5,0,0
2820941,1,570,5101,0,5671,0,0
2821041,1,108,641,0,749,0,0
2821141,1,197,3379,0,3576,0,0
2821241,1,247,10981,0,11228,1,8000
2821341,1,634,8495,0,9129,1,3000
2821441,1,197,6700,34,6931,1,2000
2821541,1,196,2152,0,2348,1,5000
2821542,1,225,4686,125,5036,1,8000
2821543,1,157.5,6744,130,7031.5,0,0
2821544,1,247,2544,0,2791,1,3000
2821641,1,440,4693,0,5133,0,0
2821741,1,252,10862,0,11114,1,2000
2830141,1,270,4783,0,5053,1,11000
2830151,1,564.5,23160,0,23724.5,1,3000
2830241,1,449.5,9059,0,9508.5,1,14500
2830251,1,169,4326,0,4495,0,6000
2830252,1,292.5,3892,0,4184.5,1,12000
2830253,1,224,3055,0,3279,1,22000
2830341,1,463,5028,0,5491,1,15000
2830342,1,179.5,2188,0,2367.5,1,2000
2830343,1,173,1765,0,1938,1,2000
2830351,1,201,6019,0,6220,0,0
2830441,1,472.5,5830,0,6302.5,1,12000
2830459,1,302,303101,0,303403,0,0
2830541,1,279,10467,0,10746,1,9000
2830641,1,320.5,5121,0,5441.5,1,12000
2830741,1,230,15642,0,15872,0,0
2830841,1,248,3920,0,4168,1,34500
2830941,1,434.5,3518,0,3952.5,1,29000
2831041,1,249.5,2582,0,2831.5,1,24500
2831141,1,323.5,3428,0,3751.5,1,2000
2831241,1,364,15738,0,16102,1,28500
2831341,1,364.5,4556,100,5020.5,1,8000
2831441,1,556,13282,75,13913,1,21000
2831442,1,300,2493,0,2793,0,4000
2831541,1,552,11432,0,11984,1,28500
2831641,1,237,3850,0,4087,0,0
2831741,1,357,8798,100,9255,0,0
2840149,1,260,3141,0,3401,0,0
2840159,1,870,95150,0,96020,0,0
2840249,1,173,2045,0,2218,0,0
2840259,1,233,3972,0,4205,0,0
2840349,1,234,1177,0,1411,0,0
2840359,1,515.5,12721,0,13236.5,0,0
2840449,1,250,2690,0,2940,0,0
2840459,1,316,1766,40,2122,0,0
2840549,1,277,3511,0,3788,0,0
2840559,1,290,2254,0,2544,0,0
2840649,1,325.5,2644,0,2969.5,0,0
2840749,1,230,2572,0,2802,0,0
2840849,1,194,1914,0,2108,0,0
2840949,1,305,7487,0,7792,0,0
2841049,1,264,3820,0,4084,0,0
2841149,1,437,3815,0,4252,0,0
2841249,1,364.5,4594,0,4958.5,0,0
2841349,1,488,3595,0,4083,0,0
2841449,1,189.5,1997,0,2186.5,0,0
2841549,1,241,2150,0,2391,0,0
2910141,1,400,5770,0,6170,0,0
2910151,1,290,4090,0,4380,1,15000
2910241,1,420,35080,0,35500,0,3000
2910251,1,273.5,12890,50,13213.5,0,0
2910341,1,178.5,3810,0,3988.5,1,6000
2910351,1,681,10190,0,10871,0,0
2910441,1,272,1457,0,1729,0,0
2910459,1,972.5,40490,0,41462.5,1,20000
2910541,1,245,2480,0,2725,0,2000
2910641,1,166.5,2670,0,2836.5,0,0
2910741,1,267,2200,65,2532,0,0
2910841,1,232,2545,0,2777,1,2000
2911041,1,307,2965,0,3272,0,0
2911141,1,261,3130,70,3461,0,0
2911241,1,172,9300,0,9472,0,0
2911242,1,314.5,2700,0,3014.5,0,0
2911243,1,178.5,2831,0,3009.5,0,0
2911341,1,401,7265,0,7666,0,0
2911441,1,317,6280,180,6777,1,11000
2911541,1,284,4940,80,5304,0,0
2911641,1,290,5680,0,5970,1,5000
2911741,1,373.5,3335,0,3708.5,1,13000
2920141,1,172,3590,0,3762,1,19000
2920142,1,270,2685,0,2955,1,3000
2920151,1,282,4015,0,4297,0,0
2920152,1,282.5,2630,0,2912.5,0,0
2920241,1,80,3910,0,3990,0,0
2920242,1,408,3880,75,4363,1,3000
2920251,1,89,1658,0,1747,0,0
2920341,1,294,2594,0,2888,0,0
2920342,1,185,1647,0,1832,1,19000
2920343,1,175,3250,0,3425,1,20000
2920351,1,644.5,10820,40,11504.5,0,0
2920441,1,308,18261,30,18599,1,26500
2920459,1,451,7335,0,7786,1,12000
2920541,1,291,3510,0,3801,1,14000
2920641,1,257,5130,60,5447,1,10000
2920741,1,289.5,2985,0,3274.5,0,0
2920841,1,383,8714,0,9097,1,15000
2920941,1,509,4240,80,4829,0,3000
2921041,1,531,2650,0,3181,0,2000
2921141,1,160,1990,0,2150,0,0
2921241,1,58,500,11,569,0,0
2921341,1,287,3010,60,3357,0,0
2921441,1,62,816,6,884,0,0
2921442,1,325,2925,65,3315,0,0
2921541,1,351,8580,0,8931,0,0
2921542,1,183,3145,0,3328,0,0
2930141,1,254,7730,0,7984,0,0
2930151,1,1018,32835,0,33853,0,0
2930241,1,400,3960,0,4360,1,25000
2930242,1,356,2460,0,2816,0,1000
2930251,1,787,9650,0,10437,0,0
2930341,1,325,3370,0,3695,0,0
2930351,1,319,3390,0,3709,0,0
2930352,1,347,3225,0,3572,0,0
2930353,1,223,2630,0,2853,0,5000
2930441,1,716,23115,0,23831,1,24000
2930459,1,263.5,2600,0,2863.5,0,0
2930541,1,402.5,3420,0,3822.5,0,4500
2930641,1,560.5,5000,220,5780.5,0,0
2930741,1,679,4850,0,5529,1,24000
2930841,1,338,2640,0,2978,0,0
2930941,1,324,7010,0,7334,0,0
2931041,1,70,960,10,1040,1,14000
2931141,1,292,2905,0,3197,0,0
2931241,1,352.5,3420,0,3772.5,1,2000
2931341,1,565.5,4765,0,5330.5,1,17000
2931441,1,281,3395,0,3676,1,21000
2931541,1,214.5,1813,0,2027.5,0,2000
2931641,1,444,4520,0,4964,1,8000
3010119,1,501,10133,0,10634,1,16000
3010149,1,1163,21200,0,22363,1,30000
3010159,1,1162,67244,0,68406,0,50000
3010219,1,829,6160,150,7139,1,25000
3010249,1,373,2635,0,3008,0,0
3010259,1,1132.5,27250,100,28482.5,0,110000
3010319,1,677,13152,0,13829,1,32000
3010349,1,875,16910,0,17785,0,13000
3010359,1,756.5,58572,0,59328.5,0,0
3010419,1,634,8486,0,9120,1,11000
3010449,1,454.5,4770,0,5224.5,0,7000
3010459,1,743.5,31962,0,32705.5,0,16000
3010519,1,826,17890,0,18716,1,27000
3010549,1,407,2940,220,3567,0,0
3010619,1,500.5,23900,0,24400.5,1,41000
3010649,1,736.5,56005,0,56741.5,1,12000
3010719,1,1299,36120,0,37419,1,97000
3010839,1,289,10090,0,10379,1,63000
3010919,1,711.5,8152,0,8863.5,1,20000
3011019,1,405,3530,0,3935,1,29000
3011119,1,463,6390,0,6853,1,5000
3020139,1,296.5,5710,0,6006.5,1,32000
3020149,1,325.5,4119,0,4444.5,1,12000
3020159,1,782,41670,200,42652,0,75000
3020239,1,352,32540,150,33042,1,78000
3020249,1,181.5,21100,110,21391.5,1,18000
3020259,1,892,29410,0,30302,0,0
3020339,1,298.5,7900,150,8348.5,1,54000
3020349,1,420,3808,115,4343,1,7000
3020359,1,1352.5,39680,500,41532.5,0,99000
3020439,1,386,3040,130,3556,1,31000
3020449,1,315.25,14600,0,14915.25,0,0
3020459,1,646,67280,0,67926,0,23300
3020539,1,589,34270,0,34859,1,67000
3020549,1,405,9315,0,9720,0,0
3020639,1,360,4030,120,4510,1,59000
3020649,1,376,6165,100,6641,1,27000
3020739,1,267.5,2735,0,3002.5,1,55000
3020749,1,74,1640,20,1734,0,0
3020839,1,374,7670,100,8144,1,52000
3020939,1,467,3645,120,4232,1,56000
3021039,1,918,54870,100,55888,1,70000
3030139,1,608,38520,100,39228,1,54000
3030149,1,504,4812,100,5416,1,20000
3030159,1,738,19625,0,20363,0,25000
3030239,1,453,7350,450,8253,1,60000
3030249,1,437.5,2530,0,2967.5,1,18000
3030259,1,1488,82540,0,84028,0,27000
3030339,1,214,1260,100,1574,1,24000
3030349,1,195.5,4760,0,4955.5,1,5000
3030359,1,1475,32330,0,33805,0,0
3030439,1,439,14580,90,15109,1,56000
3030449,1,270,3190,80,3540,1,4000
3030459,1,980,25180,200,26360,0,5000
3030539,1,383,4540,80,5003,1,37000
3030549,1,329,17145,90,17564,1,25000
3030649,1,267,2610,100,2977,1,25000
3030749,1,340,12425,130,12895,1,25000
3030849,1,401,34022,80,34503,0,8000
3030949,1,333,4650,80,5063,0,2000
3031049,1,558,8970,0,9528,0,2000
3031149,1,642,8190,150,8982,0,3500
3031249,1,261,3080,90,3431,0,0
3110139,1,1420,54000,0,55420,1,112000
3110149,1,479,5890,50,6419,1,5000
3110159,1,1076,14290,0,15366,0,340000
3110239,1,715,7880,290,8885,1,44000
3110249,1,1107,16880,1000,18987,0,1000
3110259,1,1235,50100,0,51335,0,0
3110339,1,683,11155,0,11838,1,34000
3110349,1,439,7495,350,8284,0,8000
3110359,1,2723,66450,0,69173,0,0
3110439,1,448,9106,115,9669,1,42000
3110449,1,347,3460,30,3837,0,6000
3110459,1,978.5,20521,0,21499.5,0,0
3110539,1,585,5585,110,6280,1,34000
3110549,1,923,19030,0,19953,0,0
3110639,1,396,19525,110,20031,1,36000
3110649,1,1368,102110,0,103478,0,80000
3110739,1,506,10305,0,10811,1,99000
3110839,1,985,16720,0,17705,1,10000
3110939,1,410,4025,0,4435,1,8000
3111039,1,463,11925,0,12388,1,24000
3111139,1,366,6750,110,7226,1,18000
3120139,1,578,14295,75,14948,1,46000
3120149,1,129,1560,0,1689,1,17000
3120159,1,355,7050,0,7405,0,75000
3120239,1,400,6015,250,6665,1,91500
3120249,1,888,16295,0,17183,1,10000
3120259,1,651,25825,0,26476,0,5000
3120339,1,702.5,8125,120,8947.5,1,81000
3120349,1,1041,11950,0,12991,0,745000
3120359,1,415.5,8377,0,8792.5,0,0
3120439,1,454,36590,0,37044,1,63500
3120449,1,708,8240,0,8948,0,50000
3120459,1,716,45670,0,46386,0,40000
3120539,1,543,13310,0,13853,1,98000
3120549,1,478,4730,0,5208,0,5000
3120639,1,1180,14820,850,16850,1,178000
3120649,1,411,11250,0,11661,0,1000
3120739,1,692,10840,120,11652,1,78000
3120749,1,888,25600,0,26488,0,0
3120839,1,865,16015,0,16880,1,33000
3120939,1,457,3950,0,4407,1,45000
3121039,1,735,10310,420,11465,1,33000
3130139,1,414,3125,80,3619,1,9000
3130149,1,519,9015,0,9534,1,52000
3130159,1,482.5,3002,0,3484.5,0,0
3130239,1,337,55120,0,55457,1,41000
3130249,1,1150,11315,0,12465,1,55000
3130259,1,779.5,47815,0,48594.5,0,183000
3130339,1,797.5,10920,0,11717.5,1,18000
3130349,1,1393,96330,0,97723,1,16000
3130359,1,562.5,19100,0,19662.5,0,0
3130439,1,353,6890,0,7243,1,17000
3130449,1,241,2800,0,3041,1,9000
3130459,1,2362,30480,0,32842,0,0
3130539,1,453,57127,0,57580,1,78000
3130549,1,357,2830,0,3187,1,9000
3130629,1,419,2510,140,3069,1,3000
3130649,1,456,4250,0,4706,1,5000
3130749,1,552,12600,0,13152,0,20000
3130849,1,397,35720,0,36117,0,0
3130949,1,562,8140,0,8702,0,0
3131049,1,339,3678,0,4017,0,0
3131149,1,378,6400,0,6778,0,0
3210139,1,472.5,16438,440,17350.5,1,74500
3210149,1,628,12500,0,13128,1,2000
3210159,1,595,60166,0,60761,0,0
3210239,1,633,65581,0,66214,1,5000
3210249,1,536,30058,0,30594,0,0
3210259,1,797,20476,0,21273,0,7000
3210339,1,383,7613,0,7996,1,12000
3210349,1,400,5586,125,6111,0,0
3210359,1,641,36136,0,36777,0,0
3210439,1,505.5,6734,0,7239.5,1,29000
3210449,1,480.5,12572,0,13052.5,0,7000
3210459,1,913,172316,0,173229,0,0
3210539,1,667.5,9140,100,9907.5,1,35500
3210549,1,216,5741,0,5957,0,0
3210619,1,722,5241,0,5963,1,11600
3210649,1,862,16243,0,17105,0,42000
3210739,1,750.8000001907349,12806,110,13666.800000190735,1,37000
3210749,1,532,10908,0,11440,1,11000
3210829,1,679,8702,120,9501,1,28000
3210929,1,737.5,44590,0,45327.5,1,3000
3211039,1,454,8986,0,9440,1,38000
3220139,1,219,1277,0,1496,1,10000
3220149,1,449,52512,0,52961,0,25000
3220159,1,982,42034,0,43016,0,8000
3220239,1,388,3420,0,3808,1,23000
3220249,1,242,9445,0,9687,0,0
3220259,1,1219.2000007629395,26975,0,28194.20000076294,0,0
3220339,1,148.5,1912,0,2060.5,1,9000
3220349,1,443,87600,0,88043,0,0
3220359,1,914,68084,0,68998,0,0
3220419,1,868,14374,0,15242,1,35000
3220449,1,320,4796,0,5116,0,0
3220459,1,1653,36455,0,38108,0,0
3220539,1,500.5,2420,0,2920.5,1,24000
3220549,1,200,1716,10,1926,0,0
3220619,1,516,6072,0,6588,1,13000
3220739,1,350.8000001907349,6716,0,7066.800000190735,1,24500
3220839,1,819,2636,0,3455,1,25000
3220939,1,418.5,4560,0,4978.5,1,12000
3221019,1,423,15887,0,16310,1,12000
3221139,1,256,10045,0,10301,1,40000
3221239,1,365,5459,0,5824,1,23000
3230139,1,324,4300,0,4624,1,21000
3230149,1,673.5,13050,0,13723.5,1,24000
3230159,1,692,7750,200,8642,0,0
3230219,1,160.5,7991,0,8151.5,1,4000
3230249,1,342,1212,0,1554,1,12000
3230259,1,342.25,143685,0,144027.25,0,0
3230339,1,461,5380,125,5966,1,13000
3230349,1,672,14755,0,15427,0,0
3230359,1,1168.1000003814697,41065,850,43083.10000038147,0,0
3230439,1,964,29306,300,30570,1,12000
3230449,1,726,14685,0,15411,0,25000
3230459,1,639.75,5377,100,6116.75,0,0
3230539,1,243,770,0,1013,1,36000
3230549,1,628.5,34645,250,35523.5,0,80000
3230639,1,312,2030,25,2367,1,5000
3230649,1,633.5,10305,0,10938.5,0,0
3230719,1,405.5,3250,0,3655.5,1,4000
3230749,1,263,2140,100,2503,0,0
3230839,1,392,4432,100,4924,1,7500
3230939,1,586,7650,160,8396,1,22000
3231039,1,347,6725,85,7157,1,9000
